dataset,classifier,method,gmean,gmean_std,worst_recall,balanced_accuracy,macro_f1,rank
balance,cart,allknn,0.5656991990582912,0.122976877206055,0.3621520467836257,0.619928076897224,0.6041309260981478,4.0
balance,cart,borderline_smote,0.0839423815541712,0.1701907633872086,0.0226666666666666,0.5688158903004638,0.5753564764254967,11.0
balance,cart,global_cs,0.0836682118882581,0.1691067735119868,0.0206666666666666,0.5746505343819318,0.5809735746001181,12.0
balance,cart,gmm_sampling,0.5379543368125858,0.1241592662426307,0.3199693486590038,0.6060482624184984,0.5938066770247459,6.0
balance,cart,gpmr_v3,0.5863643898086471,0.1017603623467206,0.3835708812260536,0.6346013309134907,0.6125427682789878,2.0
balance,cart,kde_reconstructed,0.0996640007874964,0.1791895103470183,0.0248888888888888,0.5670278954090207,0.5766103767281432,10.0
balance,cart,mc_ccr,0.1095324131570661,0.1867463916145504,0.0273333333333333,0.5721258318209316,0.5810827362520619,8.0
balance,cart,mdo,0.0743650687518832,0.160388674402901,0.0184444444444444,0.5703465752503865,0.5785522534672142,13.0
balance,cart,none,0.0581736791680363,0.1456656769868151,0.0144444444444444,0.5700537742824494,0.5784717631827957,14.0
balance,cart,ros,0.0423747576800898,0.128424413309408,0.0104444444444444,0.5683352826510721,0.5759400398312993,15.0
balance,cart,rus,0.5574954665262677,0.0781852839143878,0.405711635410365,0.5820227196343349,0.5605684233947518,5.0
balance,cart,smote,0.1187193244794224,0.1927501928238739,0.0306666666666666,0.570224238757814,0.5787110654407148,7.0
balance,cart,soup,0.6065651506300401,0.063372502336466,0.4579806412583182,0.6275388855279962,0.5923519884120824,1.0
balance,knn,allknn,0.7057383701943436,0.0944380910301479,0.4697777777777778,0.7478509108019089,0.7272979338820852,2.0
balance,knn,borderline_smote,0.3262953852268249,0.2123906182011942,0.1166666666666666,0.5636902601330913,0.576463712652604,10.0
balance,knn,global_cs,0.1357950046762441,0.2031801540854569,0.0488888888888888,0.5192001075485648,0.5473897967612433,13.0
balance,knn,gmm_sampling,0.6997382815355493,0.0524545967672346,0.6060508166969147,0.7068728910398602,0.6220710119046098,3.0
balance,knn,gpmr_v3,0.723531601640059,0.0489857052147138,0.6397205081669691,0.7300266182698125,0.6360966436144306,1.0
balance,knn,kde_reconstructed,0.6065515558061497,0.0811566363560445,0.4104750957854406,0.6415564966054984,0.6190097100039117,7.0
balance,knn,mc_ccr,0.2457570304111864,0.22579339189981,0.0957777777777777,0.5210608321570208,0.5481754842902589,11.0
balance,knn,mdo,0.0627985050963066,0.1580815893550373,0.0162222222222222,0.603503797808698,0.5972052346177918,14.0
balance,knn,none,0.0627384719536201,0.1579366098059271,0.0162222222222222,0.6037356994017611,0.5971796623167311,15.0
balance,knn,ros,0.1441835453175097,0.2061424609054541,0.0508888888888888,0.5227625193251327,0.5496797929225449,12.0
balance,knn,rus,0.6938241767789222,0.0478566576892419,0.6028247630570679,0.7023137729380923,0.6056280767535607,5.0
balance,knn,smote,0.3551406136233255,0.2127373609278174,0.1446666666666666,0.5610998185117968,0.5744120213556082,9.0
balance,knn,soup,0.6977513339613199,0.0385736034797201,0.5964150030248034,0.708810512872219,0.6059824488093889,4.0
balance,rf,allknn,0.5188978539681467,0.1406658629682068,0.2528888888888889,0.626566915372723,0.6218296246434161,5.0
balance,rf,borderline_smote,0.0086507253702235,0.0611698657146758,0.0022222222222222,0.5945237615110573,0.5941749965763106,8.0
balance,rf,global_cs,0.0,0.0,0.0,0.5812744504940511,0.5887088522204527,12.0
balance,rf,gmm_sampling,0.4684997342697161,0.1417218922279446,0.2022222222222222,0.5981051287221886,0.6011705121762401,6.0
balance,rf,gpmr_v3,0.5396151628462789,0.1490945941548459,0.3107662835249042,0.6321193789070376,0.6196784011934063,4.0
balance,rf,kde_reconstructed,0.0,0.0,0.0,0.5966646501310748,0.5959058224727916,12.0
balance,rf,mc_ccr,0.0,0.0,0.0,0.598515829804396,0.5976286120554374,12.0
balance,rf,mdo,0.0,0.0,0.0,0.6026819923371647,0.5981036412704344,12.0
balance,rf,none,0.0,0.0,0.0,0.6016434765073604,0.5977028476518409,12.0
balance,rf,ros,0.0,0.0,0.0,0.5823089332526719,0.5894740394291825,12.0
balance,rf,rus,0.5806667557659473,0.0722866720047328,0.4413748739665255,0.5990067890031593,0.5745059461021477,2.0
balance,rf,smote,0.0087091779904311,0.0615831881559449,0.0022222222222222,0.5907931706661289,0.5923866805793466,7.0
balance,rf,soup,0.649771374185064,0.0579021779161424,0.5492070982052834,0.6595884923035559,0.5994727595354629,1.0
car,cart,allknn,0.1898333053286333,0.2093364286147976,0.0823132131026867,0.4777699214660937,0.4547192714946116,15.0
car,cart,borderline_smote,0.9373411137590184,0.0329300279063619,0.8670455859929543,0.93924157780019,0.9438035946558452,4.0
car,cart,global_cs,0.933456303552826,0.0338486511021209,0.8595257374204743,0.9354885425579204,0.9409656250919406,9.0
car,cart,gmm_sampling,0.937161336808175,0.0432359407724995,0.859638543274907,0.9405776340883996,0.9254969595818836,5.0
car,cart,gpmr_v3,0.932037736644819,0.0267300164313997,0.8686702770913297,0.933438678546334,0.8962379040004307,10.0
car,cart,kde_reconstructed,0.9273710492185,0.0391409108667277,0.8323203112676797,0.9307362195221048,0.9308523060387872,11.0
car,cart,mc_ccr,0.9376004933144352,0.0326071963224863,0.8691132551658868,0.9393015596843348,0.9448226806751824,3.0
car,cart,mdo,0.934225851631529,0.0355671057004121,0.8503396603396604,0.936755104942904,0.9376312116340968,7.0
car,cart,none,0.93671149849576,0.0336872942363767,0.8529254955570745,0.939322913928177,0.9416772663929592,6.0
car,cart,ros,0.9389833696924876,0.0328595813723814,0.862946001367054,0.9410468598387258,0.9443495931769929,2.0
car,cart,rus,0.8927989202593264,0.0330494702231363,0.7770002007561816,0.8977565436955389,0.8124718448478102,14.0
car,cart,smote,0.9335310604082084,0.0376056439361348,0.8659795467690204,0.9354719144491872,0.9408309819720944,8.0
car,cart,soup,0.9106401099814077,0.0233165387349749,0.8299479467900521,0.9133697642070848,0.821893319779724,13.0
car,knn,allknn,0.0123142692379263,0.0499300770187085,0.004005994005994,0.3118586497234822,0.2968042054765604,15.0
car,knn,borderline_smote,0.669264118441329,0.0530508792646807,0.5417361585782638,0.6788818776916863,0.5566771245995926,4.0
car,knn,global_cs,0.4762765322715826,0.2329129159611983,0.3113395695213877,0.5628637032823636,0.4637808257597812,11.0
car,knn,gmm_sampling,0.8904419327307955,0.0306291140352504,0.8129820418815634,0.8931070066297339,0.763865237891967,1.0
car,knn,gpmr_v3,0.6648196856915252,0.0493850240263644,0.5212696394514577,0.6757949586298869,0.4809230181283491,6.0
car,knn,kde_reconstructed,0.3379665519139747,0.1887163872276841,0.1238461538461538,0.5287992211138144,0.543533358836741,13.0
car,knn,mc_ccr,0.5786425725776447,0.1635652164471823,0.432929797475252,0.6144679602693957,0.4869831262381852,8.0
car,knn,mdo,0.667174176141663,0.1428921336753077,0.4900725590199274,0.7037355288252418,0.6869535982193365,5.0
car,knn,none,0.2517327586816,0.1958096594171838,0.0764835164835164,0.507704890802977,0.5231356768887568,14.0
car,knn,ros,0.5169312227776908,0.2157104317835464,0.3472736354554536,0.5854469095497804,0.4913345014686437,10.0
car,knn,rus,0.6753197235720517,0.0388754693961643,0.4984111582197706,0.6964027957688245,0.46226838461572,3.0
car,knn,smote,0.6555022245223695,0.0576798139968628,0.5428981544771019,0.6630291538604937,0.5349771410083412,7.0
car,knn,soup,0.5364336971365903,0.0994877447410742,0.4140680133263865,0.5518073851985335,0.3905117928244472,9.0
car,rf,allknn,0.0591558797417215,0.1332732869846762,0.0226775855723224,0.3987937242183653,0.3933472433483203,15.0
car,rf,borderline_smote,0.940763485346,0.0235230082428147,0.8475279266188358,0.9431675860025142,0.9296079595765372,4.0
car,rf,global_cs,0.9426754971340954,0.026026612690564,0.8639396966669695,0.944557906208624,0.9301586232905836,3.0
car,rf,gmm_sampling,0.9142093801529008,0.0325043298601441,0.819212605576242,0.9173071904172384,0.8952577689339756,9.0
car,rf,gpmr_v3,0.919177597722772,0.0228954067105438,0.8290418672236853,0.9217851526463968,0.8636280631386516,8.0
car,rf,kde_reconstructed,0.9289311628086008,0.0303994274979696,0.8342157842157841,0.931881563412664,0.9178160726814062,7.0
car,rf,mc_ccr,0.943719806384862,0.0291424199017588,0.866271216821456,0.9457785874412667,0.9307697609466428,2.0
car,rf,mdo,0.8975093828557367,0.045592384529283,0.7403296703296703,0.9057705332944568,0.9071512239205776,12.0
car,rf,none,0.889859490620498,0.0423194540903239,0.7332967032967034,0.8982395893580104,0.901162536191424,14.0
car,rf,ros,0.9467477306828518,0.0249116432080336,0.8715339206248298,0.9484116063362475,0.93273880956359,1.0
car,rf,rus,0.890325221024354,0.0264317042513564,0.7818980301994657,0.8949987392989786,0.7870009835203403,13.0
car,rf,smote,0.9390825626954812,0.0288358974449174,0.8522268640450459,0.9414377130046988,0.9265227515496752,5.0
car,rf,soup,0.9054549233993392,0.021257296722667,0.8140893556204561,0.908550355147245,0.8138068500080956,11.0
cleveland,cart,allknn,0.0,0.0,0.0,0.2878991341991341,0.2440496051597281,15.0
cleveland,cart,borderline_smote,0.0531388243004142,0.1247580950579001,0.0254545454545454,0.2908051948051948,0.285139545523874,9.0
cleveland,cart,global_cs,0.0141454250762933,0.0700820748442399,0.0057142857142857,0.282762987012987,0.2782893237556283,14.0
cleveland,cart,gmm_sampling,0.045801665130981,0.115813084632447,0.0199999999999999,0.3046730519480519,0.2909104874053666,11.0
cleveland,cart,gpmr_v3,0.0728734002610115,0.1329384840020923,0.0324675324675324,0.284119264069264,0.2669249129989628,2.0
cleveland,cart,kde_reconstructed,0.0677026766408225,0.1317630036630386,0.0336883116883116,0.3048611471861471,0.2961100195168149,6.0
cleveland,cart,mc_ccr,0.0184207610998915,0.0744412646551768,0.0083116883116883,0.2607972943722944,0.2594902232963404,13.0
cleveland,cart,mdo,0.0704759226571688,0.1358081417492729,0.029090909090909,0.3028147186147186,0.2948472501099515,4.5
cleveland,cart,none,0.0704759226571688,0.1358081417492729,0.029090909090909,0.3028147186147186,0.2948472501099515,4.5
cleveland,cart,ros,0.0287710909762153,0.0888827637743579,0.0111688311688311,0.2871443722943723,0.2791675054615323,12.0
cleveland,cart,rus,0.1229703097287655,0.1618444120151885,0.0583809523809523,0.2886903679653679,0.2593841443054664,1.0
cleveland,cart,smote,0.0627587699378997,0.1297810181751965,0.0271861471861471,0.3022372294372294,0.2942764454723311,8.0
cleveland,cart,soup,0.0632904413331758,0.1304347082002419,0.0332467532467532,0.2858310606060605,0.2720955895384357,7.0
cleveland,knn,allknn,0.0,0.0,0.0,0.2412388528138527,0.1909703428205333,14.0
cleveland,knn,borderline_smote,0.0397719989091685,0.111135282335484,0.0171428571428571,0.3245713203463203,0.3158487735745656,8.0
cleveland,knn,global_cs,0.0137040521669127,0.0682894237136112,0.0057142857142857,0.3088071428571428,0.2960050067816671,11.5
cleveland,knn,gmm_sampling,0.059786350111854,0.140124996968342,0.035064935064935,0.3292320346320345,0.3181195858593919,5.0
cleveland,knn,gpmr_v3,0.1332386765553381,0.1709201069500054,0.0562337662337662,0.3434843073593073,0.319352300751347,1.0
cleveland,knn,kde_reconstructed,0.0674127244032661,0.1470415362414846,0.0311688311688311,0.3494933982683982,0.3431678132472996,4.0
cleveland,knn,mc_ccr,0.0137040521669127,0.0682894237136112,0.0057142857142857,0.3079142857142857,0.295443090294895,11.5
cleveland,knn,mdo,0.0,0.0,0.0,0.3002496753246753,0.2866697129787921,14.0
cleveland,knn,none,0.0,0.0,0.0,0.3002496753246753,0.2866697129787921,14.0
cleveland,knn,ros,0.0298607256109147,0.1025917904389679,0.014025974025974,0.3161902597402597,0.3079729196416117,10.0
cleveland,knn,rus,0.0966087928595468,0.1696664890880681,0.0521558441558441,0.3287851731601731,0.3099860161391171,3.0
cleveland,knn,smote,0.0351836289782877,0.1071276168653993,0.0142857142857142,0.3162835497835497,0.3087582218891121,9.0
cleveland,knn,soup,0.121347504852484,0.1686695071894285,0.0568831168831168,0.3293833333333333,0.3057004055955407,2.0
cleveland,rf,allknn,0.0,0.0,0.0,0.2414209956709956,0.1916822993639314,13.5
cleveland,rf,borderline_smote,0.0304262013294422,0.1053002244302188,0.0137662337662337,0.3195524891774891,0.3091666098549633,7.0
cleveland,rf,global_cs,0.0059755809982943,0.0422537384542342,0.0028571428571428,0.3154582251082251,0.3085051910965538,10.0
cleveland,rf,gmm_sampling,0.0245654187050587,0.0853411430090427,0.0114285714285714,0.3014833333333333,0.2942722461358341,9.0
cleveland,rf,gpmr_v3,0.0829253358598023,0.1533141129488379,0.0392207792207792,0.33763658008658,0.3223529562013063,2.0
cleveland,rf,kde_reconstructed,0.0294373141252595,0.0897548129151509,0.0122077922077922,0.307407251082251,0.2969342075740026,8.0
cleveland,rf,mc_ccr,0.0,0.0,0.0,0.2990058441558441,0.287822073785842,13.5
cleveland,rf,mdo,0.0,0.0,0.0,0.2918787878787878,0.2779370758178436,13.5
cleveland,rf,none,0.0,0.0,0.0,0.2918787878787878,0.2779370758178436,13.5
cleveland,rf,ros,0.0055739343149763,0.0394136675200815,0.0018181818181818,0.307362987012987,0.299145637095388,11.0
cleveland,rf,rus,0.1226036570023954,0.1768525153301199,0.0667792207792207,0.3307589826839826,0.3136998615644332,1.0
cleveland,rf,smote,0.0405528576307496,0.1021082221883953,0.0149870129870129,0.3128602813852813,0.3037204320691314,5.0
cleveland,rf,soup,0.0406645743653325,0.1118343197664411,0.0187012987012986,0.319594264069264,0.3108108016237787,4.0
contraceptive,cart,allknn,0.4970522951951098,0.0310344323403029,0.407297203315677,0.5078131358465087,0.4847635806291718,1.0
contraceptive,cart,borderline_smote,0.44396290442329,0.0316827124550062,0.3641912368483113,0.4536174905152393,0.4519997207731346,14.0
contraceptive,cart,global_cs,0.4521932359380045,0.0347185228115095,0.3661610022676194,0.4623338083448526,0.4608596199591499,9.0
contraceptive,cart,gmm_sampling,0.4652396103951118,0.03268854010591,0.4116305212744773,0.4683918603509196,0.4612119419454065,6.0
contraceptive,cart,gpmr_v3,0.470847449138474,0.0317089501536187,0.4115894872969145,0.4749148170174204,0.4702537860811084,4.0
contraceptive,cart,kde_reconstructed,0.4457837094539322,0.0303379737456074,0.3599202135834508,0.4553626523825387,0.4539091252775158,12.0
contraceptive,cart,mc_ccr,0.4597492732205148,0.0298915652298202,0.3895535294470658,0.4660026870121788,0.4640975319855382,7.0
contraceptive,cart,mdo,0.4469522007046464,0.0304028525366546,0.3658187619609237,0.4565833363322831,0.4553850264267575,11.0
contraceptive,cart,none,0.4446755407073665,0.0257635673565123,0.3549857379423426,0.4562585054567993,0.455166680252077,13.0
contraceptive,cart,ros,0.442677319336941,0.0297908936921963,0.3533607441738403,0.4536018600539561,0.4527413505265598,15.0
contraceptive,cart,rus,0.454968478255896,0.0292282585735069,0.3847685590727094,0.4603346945084834,0.453254886724065,8.0
contraceptive,cart,smote,0.448980106912215,0.0285314517541876,0.3666933465169867,0.4577762766180683,0.4557480880454749,10.0
contraceptive,cart,soup,0.4686468359790728,0.029577970702702,0.4197600975391583,0.4713143430317227,0.4656681123681023,5.0
contraceptive,knn,allknn,0.4457736528040604,0.03191440591401,0.3048279287362919,0.4699701809763028,0.4344757595442308,12.0
contraceptive,knn,borderline_smote,0.4623849678611236,0.0291530075416482,0.3962307598628847,0.4675166254908328,0.4545333401608167,4.0
contraceptive,knn,global_cs,0.4512412889109755,0.0265003381542656,0.3616276413478012,0.4594514594087266,0.4450059714031748,10.0
contraceptive,knn,gmm_sampling,0.4604885876724982,0.026214697562583,0.3763861013661128,0.46778503543441,0.4535301698382655,5.0
contraceptive,knn,gpmr_v3,0.4663489053317836,0.0255556663101803,0.3858519848068677,0.4741399109300614,0.4558178212081156,1.0
contraceptive,knn,kde_reconstructed,0.4454368068505948,0.0277832795538754,0.3552242757966566,0.4562865649482074,0.4527654972327093,13.0
contraceptive,knn,mc_ccr,0.4402311381070285,0.0299461763918362,0.2937388159147154,0.4606411865760386,0.4382199273533056,15.0
contraceptive,knn,mdo,0.4462935839910356,0.0289879086299218,0.3523106496488018,0.4590046195025926,0.4557596163691647,11.0
contraceptive,knn,none,0.445356720475242,0.0281209804221983,0.3490882356815682,0.4590413933797184,0.4570696810602161,14.0
contraceptive,knn,ros,0.4516499226633857,0.0286714488974896,0.3739927663562867,0.4583156299347603,0.4445486762435103,9.0
contraceptive,knn,rus,0.4633456678802535,0.0287195252152652,0.3573132305349324,0.4738714150824886,0.4574743962437145,3.0
contraceptive,knn,smote,0.4586639484894024,0.0239888356767979,0.3829445643880891,0.464686466720904,0.4515102391579021,7.0
contraceptive,knn,soup,0.4660193549161729,0.0269558177922919,0.3945342106524298,0.4717347126303489,0.4596268641571364,2.0
contraceptive,rf,allknn,0.5089539538270376,0.031505351608384,0.4020802145674523,0.522080981760042,0.4963116483453718,6.0
contraceptive,rf,borderline_smote,0.4886471145295122,0.0314822385757935,0.3895304072545222,0.4991682506813606,0.4993931892187121,12.0
contraceptive,rf,global_cs,0.4919159935213973,0.0298851482256373,0.4130314369691442,0.4993717871862189,0.4978337986117641,9.0
contraceptive,rf,gmm_sampling,0.5085176523270953,0.0306801551489423,0.4570566782829285,0.5109511825138751,0.5053562560467784,7.0
contraceptive,rf,gpmr_v3,0.5125315404369745,0.0343754441775991,0.4509536757754834,0.5162059320337878,0.512431044078823,3.0
contraceptive,rf,kde_reconstructed,0.4808822827075796,0.0287779673714596,0.3638872327526998,0.4948407556605829,0.4960288186582439,13.0
contraceptive,rf,mc_ccr,0.4906078039296589,0.0257343361327614,0.3900625241995205,0.5014373118221073,0.5019820969484536,10.0
contraceptive,rf,mdo,0.4793683067114782,0.0280682446476048,0.3607906240047361,0.4939316292906984,0.4950379226821909,15.0
contraceptive,rf,none,0.480066497157425,0.0312871916705823,0.3590126750598804,0.4953338167024702,0.4967374068318093,14.0
contraceptive,rf,ros,0.4902224607316718,0.0333915312517184,0.402363118212995,0.49892884895302,0.498515234519796,11.0
contraceptive,rf,rus,0.5102557182479375,0.0316148774865776,0.4503675873268515,0.5137008381145869,0.5055336168375593,5.0
contraceptive,rf,smote,0.4928653494505637,0.0290688404594853,0.3938318118147128,0.5035695809104805,0.5038150420390847,8.0
contraceptive,rf,soup,0.5103518583566059,0.0270804708863552,0.4571518621104785,0.5131795896391077,0.5089997283149613,4.0
dermatology,cart,allknn,0.9282904498746332,0.0437406398087799,0.7640505050505051,0.9357428947863732,0.935643592926547,9.0
dermatology,cart,borderline_smote,0.9271948240123544,0.0452431098485245,0.769991341991342,0.9337585273020056,0.9331610070325552,10.0
dermatology,cart,global_cs,0.9318490054049846,0.0421140053413047,0.7836048685613903,0.9375136457745152,0.9348543837181548,7.0
dermatology,cart,gmm_sampling,0.9421821247313058,0.0383718344387144,0.8097662337662338,0.947272225359182,0.938728486689228,2.0
dermatology,cart,gpmr_v3,0.934608267097924,0.0449938597750337,0.7876219336219336,0.940365110734676,0.935182607214902,6.0
dermatology,cart,kde_reconstructed,0.9226188649595828,0.0494394535268354,0.7656262626262627,0.9302026371374196,0.9272122659609506,14.0
dermatology,cart,mc_ccr,0.9311937798396834,0.0494590279682207,0.7826262626262626,0.9379553087813958,0.9355560642427124,8.0
dermatology,cart,mdo,0.9500308277844052,0.0245996518992665,0.8205036075036075,0.9532842712842714,0.9497580460598484,1.0
dermatology,cart,none,0.917805046877622,0.0429215910833559,0.749090909090909,0.9248288579375537,0.9245153536790924,15.0
dermatology,cart,ros,0.935589013007856,0.03656059850975,0.784968253968254,0.9409064349499132,0.9364455959677744,4.0
dermatology,cart,rus,0.9264093614126104,0.0448083639965437,0.7806469665600101,0.9327189284145806,0.9246501450644418,12.0
dermatology,cart,smote,0.9353774301881456,0.044433122124391,0.7892135642135643,0.9410171591693332,0.9392889854989196,5.0
dermatology,cart,soup,0.9407477808356528,0.0383853144596684,0.8003535353535354,0.9460552418595896,0.9389343284152764,3.0
dermatology,knn,allknn,0.9426984499079744,0.0272427805628921,0.766070707070707,0.9486897442332224,0.943588976350568,11.0
dermatology,knn,borderline_smote,0.924631628475682,0.0307802069768313,0.76,0.930241347219608,0.9271670064561672,14.0
dermatology,knn,global_cs,0.9451028437467448,0.0254851423099732,0.8043333333333333,0.9488613568396176,0.9436618335555236,9.0
dermatology,knn,gmm_sampling,0.9339065369276046,0.0283831669632652,0.7386767676767677,0.940708628730368,0.931834479388881,13.0
dermatology,knn,gpmr_v3,0.95051192336183,0.0208113320683776,0.8036666666666666,0.9542936821632472,0.9496467668237202,5.0
dermatology,knn,kde_reconstructed,0.9538221930176596,0.0226997424457742,0.8230707070707071,0.9571003722525462,0.9536505879261518,2.0
dermatology,knn,mc_ccr,0.9504422794524064,0.0248324545847091,0.8175151515151515,0.9538831482527136,0.949716569270589,6.0
dermatology,knn,mdo,0.9533096264067084,0.0233429817161409,0.8217373737373737,0.9565882949578602,0.9529622838156508,3.0
dermatology,knn,none,0.9543735657586376,0.0218078694363591,0.8247373737373738,0.9575296651818392,0.9541726508123252,1.0
dermatology,knn,ros,0.938451194542047,0.0270616972772122,0.7856262626262627,0.9430528473137167,0.9382960562445096,12.0
dermatology,knn,rus,0.9223573230252344,0.0322951502766809,0.7376464646464647,0.9299681807725284,0.9233159003775744,15.0
dermatology,knn,smote,0.943278904188667,0.0245570258683682,0.7936767676767676,0.947342932429889,0.942246589813458,10.0
dermatology,knn,soup,0.9453500805250412,0.0265722366579803,0.807270092226614,0.9490134889265324,0.9425956358283608,8.0
dermatology,rf,allknn,0.9709143640009088,0.0179101019704883,0.8585555555555555,0.9730185185185184,0.9723134933297328,6.0
dermatology,rf,borderline_smote,0.9720867074353704,0.0211499928992837,0.8827777777777777,0.9736851851851852,0.9736859266293492,2.0
dermatology,rf,global_cs,0.9678238590679988,0.0187712497340101,0.8522222222222223,0.9701296296296296,0.9684995510074816,12.0
dermatology,rf,gmm_sampling,0.971475523528369,0.0197227731624948,0.8718888888888888,0.973366281866282,0.9707650263438566,4.0
dermatology,rf,gpmr_v3,0.9692608077274903,0.0210948744223765,0.8588888888888888,0.9715,0.9694878160383484,10.0
dermatology,rf,kde_reconstructed,0.9689417460342792,0.0194987606226739,0.8578888888888889,0.9711666666666668,0.9698097358825122,11.0
dermatology,rf,mc_ccr,0.9717361382024866,0.019659823035746,0.8726666666666667,0.9736481481481484,0.9723232325160992,3.0
dermatology,rf,mdo,0.9725428899929872,0.0187094489046574,0.8751111111111111,0.9742989417989416,0.9723759247039542,1.0
dermatology,rf,none,0.9672246686401176,0.0213326619765486,0.8587777777777778,0.9694074074074074,0.9710650271212607,13.0
dermatology,rf,ros,0.9664138911578236,0.0223373411681565,0.853,0.9688333333333334,0.9671629318699,14.0
dermatology,rf,rus,0.9619150405535613,0.023531003847015,0.831919191919192,0.965004329004329,0.9629873797936211,15.0
dermatology,rf,smote,0.9702343947233456,0.0196687862800338,0.8698888888888889,0.9721666666666668,0.970748954242434,7.0
dermatology,rf,soup,0.9700015057291168,0.02075584589087,0.8613333333333334,0.9721747913921828,0.969009465715324,8.0
dry-bean,cart,allknn,0.9205243014479628,0.0041865540921802,0.8533212234044285,0.9216078628381744,0.9229936022984716,1.0
dry-bean,cart,borderline_smote,0.9063761436667328,0.0050961446814226,0.826276144101739,0.9078060541462036,0.906161838116334,14.0
dry-bean,cart,global_cs,0.9081790535496272,0.0043278793509109,0.8279632424817435,0.909474447350063,0.909720159401469,10.0
dry-bean,cart,gmm_sampling,0.906743302750465,0.0074648501564845,0.773094000398533,0.9091777771758104,0.9073353968976734,13.0
dry-bean,cart,gpmr_v3,0.9105252486631552,0.0052959742178814,0.8342060970287712,0.9118061606234577,0.9093085654936284,5.0
dry-bean,cart,kde_reconstructed,0.90834339346495,0.0049393142348738,0.8231024667931689,0.9098020358321994,0.9093535453483956,9.0
dry-bean,cart,mc_ccr,0.9087096688711004,0.0050029858153972,0.8235199240986718,0.910098657762085,0.9096050052624324,8.0
dry-bean,cart,mdo,0.9073594438872884,0.0048057556967823,0.8195747081823932,0.908790809447156,0.9067162197353112,12.0
dry-bean,cart,none,0.9087197279051042,0.0044107333507817,0.8270180696912196,0.9100443282665444,0.9099879381018864,7.0
dry-bean,cart,ros,0.9080858323967698,0.0047325472153279,0.8284856921438297,0.9093778301124804,0.909463843835771,11.0
dry-bean,cart,rus,0.8988484403946263,0.0052263802254164,0.8154651164124834,0.9005173409334983,0.8977019922210985,15.0
dry-bean,cart,smote,0.9103099644660392,0.0046216496345897,0.8255684693232133,0.9116820749068444,0.9106598440497824,6.0
dry-bean,cart,soup,0.9160496462873984,0.0051855082891908,0.811838449199483,0.9176809596970006,0.9130936584904183,2.0
dry-bean,knn,allknn,0.9305282303009724,0.0041099401256773,0.8690515217153093,0.9314583581252712,0.9335843967339684,7.0
dry-bean,knn,borderline_smote,0.915844453914342,0.0041963481226878,0.8518217247261355,0.9171619730626902,0.9133448671942036,15.0
dry-bean,knn,global_cs,0.9223336108279488,0.0041836345982455,0.8646188024704893,0.9232629157867644,0.9198829240952354,14.0
dry-bean,knn,gmm_sampling,0.9297982446398804,0.0047810583085003,0.8277678109366914,0.9311932070994356,0.9317264759894606,9.0
dry-bean,knn,gpmr_v3,0.9320453191502956,0.0046925513279409,0.8822861230247685,0.9327735894299256,0.9313203673925622,5.0
dry-bean,knn,kde_reconstructed,0.9321829714752808,0.0046058174373432,0.8657600377228301,0.9330529503050478,0.9345379082498376,4.0
dry-bean,knn,mc_ccr,0.9264980403593704,0.0036824106444753,0.8413113104479328,0.9276781390147112,0.9252849313963504,12.0
dry-bean,knn,mdo,0.9299240272585292,0.004253113049132,0.8608157236501639,0.9308433395140836,0.9312277227152852,8.0
dry-bean,knn,none,0.9323131724696024,0.0045858715895075,0.8657600377228301,0.933183485881418,0.9346983836860236,3.0
dry-bean,knn,ros,0.9257464464774986,0.0040192911858396,0.8610217340387504,0.9267042960132512,0.9252244877512324,13.0
dry-bean,knn,rus,0.9271657029418148,0.0043017218883779,0.8675802702792741,0.928100053625278,0.9275092031741016,11.0
dry-bean,knn,smote,0.92906907734574,0.0047275816878803,0.866634751743709,0.929960538076522,0.9290609084040508,10.0
dry-bean,knn,soup,0.9310803664237124,0.0048809605531032,0.8706927416179028,0.9320210289078658,0.9293454345138066,6.0
dry-bean,rf,allknn,0.9283638188767714,0.0041648696881932,0.8651246030531949,0.92928133435707,0.9311597921670371,13.0
dry-bean,rf,borderline_smote,0.9320576961890248,0.0044934423820071,0.8765218309025865,0.9328974586747945,0.9311161446000192,10.0
dry-bean,rf,global_cs,0.934399875923464,0.0039257529030497,0.8811770375972615,0.9350747894638288,0.935109440744062,2.0
dry-bean,rf,gmm_sampling,0.9287273294162472,0.0046073809210748,0.8076228365246392,0.930507878290993,0.9314241656166544,12.0
dry-bean,rf,gpmr_v3,0.9312988832428486,0.0039274163283227,0.872932384376472,0.9321144871675252,0.9313136143869118,11.0
dry-bean,rf,kde_reconstructed,0.9345648191625928,0.0038535546292637,0.864267293427635,0.935428381291474,0.9364597230680688,1.0
dry-bean,rf,mc_ccr,0.9335879841255283,0.0041303089688666,0.8569422402392042,0.9345066246304328,0.9349219981074456,7.0
dry-bean,rf,mdo,0.9339645388056634,0.0039331688091923,0.8594837128399747,0.9348545767785654,0.9351603969248434,4.0
dry-bean,rf,none,0.932910158824884,0.0041134153719645,0.8635047582082686,0.933742786378497,0.9352630074172404,9.0
dry-bean,rf,ros,0.9336596444517552,0.0042608322455265,0.8691749538635795,0.9344367997933116,0.935220615287681,6.0
dry-bean,rf,rus,0.9280430060157042,0.0040804237149366,0.8666465954169241,0.9289036998739486,0.928134963056302,14.0
dry-bean,rf,smote,0.9340334888503864,0.0043857516986159,0.8715230793307751,0.9347842754445788,0.9349905078548216,3.0
dry-bean,rf,soup,0.9260544376416476,0.0046124417281307,0.8204109884422978,0.9276018229036432,0.92495338677242,15.0
flare,cart,allknn,0.3301566254573595,0.2063335236631823,0.1006620718462823,0.5734851994193864,0.5698882889660266,13.0
flare,cart,borderline_smote,0.3846711483914333,0.2113569749383799,0.1228435672514619,0.6005479300198718,0.5943738624521582,9.0
flare,cart,global_cs,0.5145496430529309,0.1255878054121127,0.2345554933432873,0.6213798067387183,0.6039421977305862,4.0
flare,cart,gmm_sampling,0.4066375530098728,0.2234363576256853,0.1619984135871593,0.6121433617447666,0.6032771516791379,8.0
flare,cart,gpmr_v3,0.4398464272652054,0.1864797392626343,0.1698366927958193,0.6109753320920434,0.5978709565892101,6.0
flare,cart,kde_reconstructed,0.3031271397271107,0.2523673925371294,0.1017105263157894,0.5999655561772571,0.5971491252971988,15.0
flare,cart,mc_ccr,0.4159617108287742,0.1909067488230871,0.146629805897723,0.6082305312085051,0.5974372061519228,7.0
flare,cart,mdo,0.3503698416540629,0.2360286226988179,0.1198391812865497,0.6024250535388513,0.6004080765572418,11.0
flare,cart,none,0.3514711556413564,0.2355886566159065,0.1194590643274853,0.6042915669552749,0.6022609636816264,10.0
flare,cart,ros,0.5202603105336235,0.1006183168812975,0.2371886275973621,0.6197218648604094,0.6027090438633197,2.0
flare,cart,rus,0.5159914136557521,0.0951871795480008,0.2233888577827547,0.6144588343354742,0.5910264173503587,3.0
flare,cart,smote,0.3214026773802873,0.2468968050740733,0.1156871345029239,0.5988445918735273,0.5915690047318717,14.0
flare,cart,soup,0.5316696156700811,0.128124813036477,0.2506592945128779,0.6259515504535224,0.6043060852717906,1.0
flare,knn,allknn,0.2470340199917096,0.2177211671422668,0.0603801169590643,0.5590959972770735,0.5515578844233735,14.0
flare,knn,borderline_smote,0.4799537770012553,0.1685744527067319,0.2142470760233918,0.617992907231033,0.6081705719459611,7.0
flare,knn,global_cs,0.510976029694138,0.1387307029067147,0.2301629961428393,0.6190971815082229,0.5980900478612567,3.0
flare,knn,gmm_sampling,0.4737368912419011,0.156290674078555,0.196426838372527,0.6080512259405978,0.6021549776359859,8.0
flare,knn,gpmr_v3,0.5521523906924091,0.0530398998685526,0.2356431193231305,0.6359740180611484,0.6112581061072064,1.0
flare,knn,kde_reconstructed,0.3636977639533765,0.22360642753135,0.1168567251461988,0.6018896880679243,0.6011561017493157,13.0
flare,knn,mc_ccr,0.4988769698847725,0.1546190561388927,0.2464150180415577,0.6074124789104662,0.590709388736086,5.0
flare,knn,mdo,0.3693308232988152,0.1937654328560538,0.1066228070175438,0.5935334022005959,0.5913932122938157,12.0
flare,knn,none,0.1890652200103554,0.2282947219657167,0.0537134502923976,0.5833455137442304,0.5782696709129038,15.0
flare,knn,ros,0.4420046598611337,0.2003618949528162,0.181125730994152,0.6133889700863211,0.6066542462311242,10.0
flare,knn,rus,0.4649076050466219,0.1486831085328629,0.1759179420181659,0.6084935636987135,0.583111949101347,9.0
flare,knn,smote,0.4906084184719972,0.1536291916830308,0.2168137986810999,0.6170725897957393,0.6084382968847176,6.0
flare,knn,soup,0.5431670501214466,0.051009589861992,0.2498796636982526,0.620285299719999,0.5893284819954182,2.0
flare,rf,allknn,0.1731961683712036,0.2175871240470206,0.0432017543859648,0.5640158212382417,0.5608670362100429,15.0
flare,rf,borderline_smote,0.4588152498263592,0.14409611837725,0.1586125108871469,0.6053722079200763,0.5991827810187019,7.0
flare,rf,global_cs,0.5067187848481909,0.1194575374627955,0.2208554186885653,0.6162329975839109,0.6030418603152975,5.0
flare,rf,gmm_sampling,0.4562981429101663,0.2083547327871391,0.1888644705735971,0.6223107335010307,0.613570021655464,8.0
flare,rf,gpmr_v3,0.51088286544294,0.1195282123557312,0.2128606756252332,0.6221145058104671,0.6089879016500377,4.0
flare,rf,kde_reconstructed,0.394763054423828,0.2167872795909207,0.1289327485380116,0.610178683500693,0.610155539066607,12.0
flare,rf,mc_ccr,0.4256553189679678,0.1802021862819457,0.1483602401393554,0.6108071013862173,0.598855022829234,10.0
flare,rf,mdo,0.3871322885886055,0.2119516508274446,0.1173830409356725,0.6050609483331519,0.6051923816725545,13.0
flare,rf,none,0.3134851686457774,0.2396431855802064,0.0918274853801169,0.6018045921752879,0.6013648773660972,14.0
flare,rf,ros,0.5133030955511235,0.0918960368337735,0.2171665422421301,0.6161865775348052,0.6033413728160196,3.0
flare,rf,rus,0.5338822737715221,0.0528183431057597,0.228223235703476,0.621019806027032,0.5909927945444413,2.0
flare,rf,smote,0.4241253970817818,0.1917875342972745,0.1441952843100659,0.605998708713541,0.6005917509336843,11.0
flare,rf,soup,0.5475590532929783,0.0667103732619105,0.2637963481398531,0.6233170122035873,0.6039962219709111,1.0
hayes-roth,cart,allknn,0.632706683364646,0.1224625083459616,0.4145787545787546,0.6841208791208792,0.6591806357289437,15.0
hayes-roth,cart,borderline_smote,0.8391988773199478,0.0667582066156484,0.7053846153846153,0.8514529914529915,0.8498705539036783,3.0
hayes-roth,cart,global_cs,0.8302105171211419,0.0666585251231701,0.693076923076923,0.8432478632478633,0.8416249924178907,11.0
hayes-roth,cart,gmm_sampling,0.8318636794811236,0.0732961873681306,0.7023076923076923,0.8438888888888889,0.8413440454318976,10.0
hayes-roth,cart,gpmr_v3,0.823774922226785,0.0715035124694256,0.6732051282051281,0.8377655677655678,0.8319574846106329,13.0
hayes-roth,cart,kde_reconstructed,0.8385433144321978,0.0681739399250389,0.7038461538461539,0.8509401709401709,0.8493492116850847,5.0
hayes-roth,cart,mc_ccr,0.8564742138141291,0.0576435418559119,0.7117948717948718,0.8674358974358976,0.8660170278161597,1.0
hayes-roth,cart,mdo,0.8398153771512191,0.0728966668872224,0.7101282051282051,0.8513247863247864,0.850381985519058,2.0
hayes-roth,cart,none,0.8369512115159644,0.0709759251728847,0.7053846153846153,0.8487179487179488,0.8477435426433337,8.0
hayes-roth,cart,ros,0.8385792558882301,0.071963090741488,0.706923076923077,0.8502564102564102,0.849279724979516,4.0
hayes-roth,cart,rus,0.8385350433674807,0.0528241960116477,0.6944871794871795,0.8504700854700854,0.8490229282173913,6.0
hayes-roth,cart,smote,0.8374932159509408,0.0710994105297592,0.7053846153846153,0.8492307692307692,0.8482525644856888,7.0
hayes-roth,cart,soup,0.7840753454277273,0.0893800492623406,0.629102564102564,0.802936507936508,0.8015266402663451,14.0
hayes-roth,knn,allknn,0.4943376356216341,0.1100803006255066,0.3123626373626373,0.5397619047619048,0.5340051172163307,13.0
hayes-roth,knn,borderline_smote,0.5303437663659161,0.097107269646041,0.388113553113553,0.5581135531135532,0.5713207274780815,4.0
hayes-roth,knn,global_cs,0.4973603180277849,0.1252008598282902,0.3524908424908425,0.5351526251526252,0.5482309286739655,12.0
hayes-roth,knn,gmm_sampling,0.5032438290789693,0.0946709123488856,0.363058608058608,0.5306410256410257,0.5415452625621205,10.0
hayes-roth,knn,gpmr_v3,0.5364830496036638,0.0997317109214241,0.3725641025641025,0.5701221001221001,0.5724894316832801,2.0
hayes-roth,knn,kde_reconstructed,0.5162874614614045,0.1004559880471738,0.3706227106227105,0.5451709401709401,0.5599033644849916,6.0
hayes-roth,knn,mc_ccr,0.5040310416140545,0.1028204080936004,0.3695421245421245,0.5292368742368743,0.5461437316534944,9.0
hayes-roth,knn,mdo,0.513067325156205,0.0954160189129439,0.3790109890109889,0.5393101343101343,0.5542890821005,7.0
hayes-roth,knn,none,0.4475432712949487,0.1095321570262968,0.3062087912087912,0.4855189255189255,0.5052441557427015,15.0
hayes-roth,knn,ros,0.5076927256555448,0.1256396690707584,0.364981684981685,0.5444749694749694,0.5547997468144253,8.0
hayes-roth,knn,rus,0.4980482994036052,0.0964008684213063,0.3633333333333333,0.5212332112332112,0.5447431110582869,11.0
hayes-roth,knn,smote,0.5170171205480945,0.1195159121195568,0.3713736263736263,0.5535897435897436,0.5654960500386356,5.0
hayes-roth,knn,soup,0.4885296442829475,0.1058919718785678,0.3625457875457875,0.5122222222222222,0.526737831849632,14.0
hayes-roth,rf,allknn,0.6367741754920518,0.1081306849460494,0.4077655677655677,0.6907203907203907,0.65842453926265,15.0
hayes-roth,rf,borderline_smote,0.8276156826072267,0.0634782157895963,0.6802564102564103,0.840982905982906,0.8391911834580145,8.0
hayes-roth,rf,global_cs,0.8262176428517326,0.0680006251364902,0.6787179487179488,0.839957264957265,0.8381266283729495,9.0
hayes-roth,rf,gmm_sampling,0.8221212138260499,0.0639699578727042,0.6575641025641026,0.8376068376068376,0.8336469100576651,11.0
hayes-roth,rf,gpmr_v3,0.8173813322429895,0.0713180471860484,0.6617948717948718,0.8332478632478633,0.8246660424938891,13.0
hayes-roth,rf,kde_reconstructed,0.8291009041537544,0.0650436300401169,0.6835897435897437,0.8420085470085471,0.8403422498384663,5.0
hayes-roth,rf,mc_ccr,0.8556811780019301,0.058043836958418,0.698076923076923,0.8685042735042735,0.8665123385822882,1.0
hayes-roth,rf,mdo,0.8292795908981367,0.0691795706591303,0.6851282051282052,0.8424786324786325,0.8404294873459937,4.0
hayes-roth,rf,none,0.8354205515560829,0.0630192615902699,0.6905128205128206,0.8482051282051282,0.8463039801345584,3.0
hayes-roth,rf,ros,0.828234152921596,0.0659602946167807,0.6833333333333332,0.8414957264957265,0.8397130320575243,7.0
hayes-roth,rf,rus,0.8218732963505215,0.0626321768948197,0.6842307692307692,0.8351282051282051,0.8335661953611664,12.0
hayes-roth,rf,smote,0.8282502584634703,0.0661727514267891,0.6835897435897437,0.8414957264957265,0.8397352493538045,6.0
hayes-roth,rf,soup,0.758520271241655,0.0940673401094265,0.5747435897435897,0.7857692307692308,0.7815075166427904,14.0
led7digit,cart,allknn,0.3952895625049689,0.315728890678639,0.2116363636363636,0.6415480519480519,0.6241126411739704,14.0
led7digit,cart,borderline_smote,0.6803980606137912,0.0456799520076951,0.4099090909090909,0.7034858585858587,0.6969000862678959,2.0
led7digit,cart,global_cs,0.670797232111332,0.0429291164689722,0.4020707070707071,0.6936433621933622,0.6859572255934563,10.0
led7digit,cart,gmm_sampling,0.6768349521870485,0.0492359457644102,0.4206262626262626,0.6982991341991343,0.6917427736751428,5.0
led7digit,cart,gpmr_v3,0.6813041283449864,0.0467351677135639,0.4109797979797979,0.7038566378066378,0.6971844270399029,1.0
led7digit,cart,kde_reconstructed,0.6765916907466577,0.0481168446240789,0.4061111111111111,0.6996622655122655,0.6932822593656018,7.0
led7digit,cart,mc_ccr,0.6266602249910496,0.1403175831583831,0.3283030303030302,0.6845232323232324,0.6708786357403069,12.0
led7digit,cart,mdo,0.6768075310258901,0.0483020081113994,0.4073838383838384,0.7000424242424242,0.6934993495907559,6.0
led7digit,cart,none,0.6770586846315776,0.0482489225856734,0.406050505050505,0.6999971139971141,0.6933464660094935,4.0
led7digit,cart,ros,0.6712553123000875,0.0470301588909195,0.404060606060606,0.6944621212121211,0.6871518259656219,8.0
led7digit,cart,rus,0.6619054028563844,0.0446591557963707,0.4038383838383838,0.6852267676767677,0.6775482454105821,11.0
led7digit,cart,smote,0.6800288197201597,0.0474066180601571,0.4125555555555555,0.7026531746031747,0.6960831938037845,3.0
led7digit,cart,soup,0.6712268345620616,0.045709369236216,0.4034949494949494,0.6941540404040404,0.6872198893080488,9.0
led7digit,knn,allknn,0.2780363621547229,0.3085087275824959,0.1071414141414141,0.6282554112554112,0.594272678171454,13.0
led7digit,knn,borderline_smote,0.6686663459480799,0.0539828684637347,0.4023939393939394,0.693937950937951,0.6863048823023887,3.0
led7digit,knn,global_cs,0.6131091111163753,0.165440540307308,0.323997113997114,0.6809582251082251,0.6716525901701819,9.0
led7digit,knn,gmm_sampling,0.5408102862881162,0.2601641075267878,0.3024949494949495,0.6834318181818182,0.6692953753333494,10.0
led7digit,knn,gpmr_v3,0.6769727911924062,0.051256250724832,0.4243737373737374,0.6989643578643578,0.6918951700798854,1.0
led7digit,knn,kde_reconstructed,0.6697873597755017,0.0500093282499562,0.4029393939393939,0.6941246031746031,0.6869433990596618,2.0
led7digit,knn,mc_ccr,0.2221437115152497,0.2652656132932631,0.0663571428571428,0.602029797979798,0.5805455841745925,14.0
led7digit,knn,mdo,0.6686020612667094,0.0504078826933942,0.4017070707070707,0.6918953823953824,0.6859777554127194,4.0
led7digit,knn,none,0.6591253561628265,0.0550253187602921,0.391989898989899,0.6847791486291486,0.6794632636613024,6.0
led7digit,knn,ros,0.6584149197369246,0.049707388539658,0.395060606060606,0.6830609668109667,0.6765091961930473,7.0
led7digit,knn,rus,0.0574813667990428,0.1574748430417309,0.0136363636363636,0.6103860028860029,0.5603096847192215,15.0
led7digit,knn,smote,0.6668324808588609,0.0507586882781521,0.3983131313131313,0.6907183261183261,0.684227180849996,5.0
led7digit,knn,soup,0.6411548150846713,0.1411869127053646,0.3726868686868687,0.6938015151515151,0.6862106237659243,8.0
led7digit,rf,allknn,0.4302070399723193,0.3162068226720775,0.2372626262626262,0.6673746031746032,0.6455960109777277,14.0
led7digit,rf,borderline_smote,0.6866732554521475,0.043084070832958,0.4252525252525252,0.7076678932178931,0.7031775422762854,3.0
led7digit,rf,global_cs,0.6779279626814168,0.0436853989967482,0.4128484848484848,0.6997766955266955,0.694112295871153,11.0
led7digit,rf,gmm_sampling,0.6940202494580257,0.0454236262105101,0.445070707070707,0.7131531024531025,0.7090340137199056,1.0
led7digit,rf,gpmr_v3,0.6838311515085613,0.046082781966273,0.418959595959596,0.7057205627705627,0.700993340913054,9.0
led7digit,rf,kde_reconstructed,0.6856106087574129,0.0406086979606909,0.4208585858585858,0.7066848484848485,0.7024232617554693,4.0
led7digit,rf,mc_ccr,0.6521464189221463,0.1093669072954464,0.3495808080808081,0.6962911976911976,0.6862494282448192,12.0
led7digit,rf,mdo,0.6842891002219734,0.0402131967607396,0.4172424242424242,0.7057030303030303,0.7010828706979821,8.0
led7digit,rf,none,0.6850341600581251,0.040972074346255,0.4242871572871573,0.7054038961038961,0.7015890569491259,6.0
led7digit,rf,ros,0.6834695863706376,0.041760873926418,0.4195757575757575,0.7047093073593074,0.6995296926165523,10.0
led7digit,rf,rus,0.6850668308019501,0.0415208313214171,0.4306363636363636,0.706091341991342,0.7005703002835645,5.0
led7digit,rf,smote,0.6846787654751363,0.0447771131584957,0.418044733044733,0.7062166666666667,0.7017903943875696,7.0
led7digit,rf,soup,0.6867399627535089,0.0398370238558348,0.423979797979798,0.7076347763347763,0.7025491540637563,2.0
pageblocks-full,cart,allknn,0.7821198358048246,0.0537958479169923,0.4730434782608695,0.8122503213660983,0.8133144014828662,13.0
pageblocks-full,cart,borderline_smote,0.8193568933191709,0.0479872878570339,0.6340852514919011,0.831159504113216,0.8107178073768977,10.0
pageblocks-full,cart,global_cs,0.7784714314859771,0.0506909175309252,0.5429565217391304,0.7974894295741756,0.8015036648927265,14.0
pageblocks-full,cart,gmm_sampling,0.8748632206850684,0.031201748128571,0.7054600738846263,0.8823626322016722,0.7210334164872252,4.0
pageblocks-full,cart,gpmr_v3,0.9066067365321856,0.0256678626088489,0.7888487860551571,0.910321856211494,0.7576134354778847,1.0
pageblocks-full,cart,kde_reconstructed,0.8286697550986287,0.0394863594903047,0.6523488594383735,0.8388039566640378,0.7490582895489111,6.0
pageblocks-full,cart,mc_ccr,0.8301154223214807,0.0446050093542952,0.6500102301790281,0.8403977287995447,0.7962376263289781,5.0
pageblocks-full,cart,mdo,0.804188776984724,0.0481160114502692,0.5380869565217391,0.8247895432873749,0.766614236230837,11.0
pageblocks-full,cart,none,0.8022880394274918,0.0451633966389576,0.5777681159420289,0.817882588209585,0.8158341642422132,12.0
pageblocks-full,cart,ros,0.7730493302236292,0.0531067003856055,0.5429565217391304,0.7924462044097891,0.7992341759405766,15.0
pageblocks-full,cart,rus,0.8750340619092646,0.0308818707806545,0.7627545043984257,0.8796136888637485,0.6210619700788346,3.0
pageblocks-full,cart,smote,0.8234655374770322,0.0355840098775822,0.6318937198067632,0.8350504277007476,0.8037285035857679,8.0
pageblocks-full,cart,soup,0.8905577122114698,0.0445508094516562,0.7845347284764423,0.894559988344302,0.6634166293454128,2.0
pageblocks-full,knn,allknn,0.6914378529375821,0.0615812704939099,0.3932173913043478,0.7312608398383756,0.7572114655918832,15.0
pageblocks-full,knn,borderline_smote,0.8642403271952239,0.0339921748179757,0.709206024438761,0.8714569176045681,0.7861832621829421,9.0
pageblocks-full,knn,global_cs,0.8738272329497536,0.0330194062474757,0.7295146348394429,0.880247891265597,0.805641317945862,6.0
pageblocks-full,knn,gmm_sampling,0.8787890424949506,0.0322852890174933,0.7102125603864734,0.886183441415476,0.7611675447049784,4.0
pageblocks-full,knn,gpmr_v3,0.8737856254141291,0.0318043080611925,0.7553009008656215,0.8782914464032687,0.6713164542570066,7.0
pageblocks-full,knn,kde_reconstructed,0.8253615269760107,0.0347496350394723,0.6257141233304916,0.8389120862328432,0.832243020690727,10.0
pageblocks-full,knn,mc_ccr,0.875940571377898,0.0315170757399033,0.7368860471724922,0.881877282904432,0.7970700496376437,5.0
pageblocks-full,knn,mdo,0.7828945170390241,0.0369842609407065,0.4756521739130434,0.811787236309483,0.7760023700498622,13.0
pageblocks-full,knn,none,0.7617742058927872,0.0464166929668959,0.545998294970162,0.7800188692452973,0.8150411256181984,14.0
pageblocks-full,knn,ros,0.8699943581479553,0.0330240549342217,0.7234703040636545,0.8767787933411343,0.8035144102152414,8.0
pageblocks-full,knn,rus,0.7968912445348327,0.0377094715485487,0.6347468269156249,0.8077385904266433,0.5734457888229233,12.0
pageblocks-full,knn,smote,0.8963405796661164,0.0273917081131641,0.7616963893575537,0.9009868934167125,0.7775327769262573,1.0
pageblocks-full,knn,soup,0.8790253388678794,0.0291657960509863,0.7751145812404693,0.8824962592705579,0.6485219824255882,3.0
pageblocks-full,rf,allknn,0.7605307854155611,0.0539364984636163,0.4503807899971583,0.7943692343028772,0.8008902150782776,15.0
pageblocks-full,rf,borderline_smote,0.8652851491484804,0.0353104427870069,0.6973248081841432,0.8731657228069821,0.8517685753721456,9.0
pageblocks-full,rf,global_cs,0.8439550538735158,0.0383972951833094,0.646535379369139,0.8551058741953598,0.8507340396529058,11.0
pageblocks-full,rf,gmm_sampling,0.9106504303164162,0.0234029457493133,0.7750065359477124,0.9148568908680492,0.7770841042695882,4.0
pageblocks-full,rf,gpmr_v3,0.9363117661099494,0.0226040775063793,0.8613609101201728,0.9380341239468396,0.7952060072530247,2.0
pageblocks-full,rf,kde_reconstructed,0.8753011967962169,0.030990073638182,0.7015686274509804,0.8833813238494248,0.8294966198868599,7.0
pageblocks-full,rf,mc_ccr,0.9012909104417424,0.0321981063204719,0.7662536361052985,0.9062009234484892,0.8500807220226371,5.0
pageblocks-full,rf,mdo,0.8302825133974784,0.0419451653398914,0.528695652173913,0.8541255434358317,0.8092637179009468,14.0
pageblocks-full,rf,none,0.8428408907788162,0.046386493537859,0.6378260869565218,0.8552887774715678,0.8630386478940667,13.0
pageblocks-full,rf,ros,0.8433324473883943,0.0406477936888573,0.6416265984654731,0.855045301406674,0.8532102956054277,12.0
pageblocks-full,rf,rus,0.9202594623280884,0.0206032834319575,0.8328919993682239,0.922566740037103,0.6629674222583511,3.0
pageblocks-full,rf,smote,0.8718826670925124,0.0324339243174132,0.6987382779198635,0.8798786154119743,0.8392746072778366,8.0
pageblocks-full,rf,soup,0.9422939298885852,0.0262678942956107,0.8814519884666125,0.9436914110192324,0.7504613528431964,1.0
statlog-landsat,cart,allknn,0.827731245959621,0.0125803516977238,0.6511212698412698,0.8347698849142324,0.831341794620694,1.0
statlog-landsat,cart,borderline_smote,0.8146271572102728,0.0104473883222903,0.5712571428571429,0.8262257669005547,0.8237238070855889,12.0
statlog-landsat,cart,global_cs,0.812633865304073,0.0158760823313966,0.5490349206349207,0.826120327056864,0.8270345767244126,14.0
statlog-landsat,cart,gmm_sampling,0.8268665096283292,0.0099823234403122,0.7011815559395346,0.8322263848658654,0.8198145416071307,3.0
statlog-landsat,cart,gpmr_v3,0.8201693579672832,0.012711955932424,0.6322590476190476,0.8280964790677391,0.8200586968222363,7.0
statlog-landsat,cart,kde_reconstructed,0.8142552681965715,0.0119329057780056,0.5674184126984128,0.8260092375649767,0.822971350838777,13.0
statlog-landsat,cart,mc_ccr,0.8200644897242733,0.0126458255025332,0.5776139682539683,0.8313510023160124,0.8298885096063906,8.0
statlog-landsat,cart,mdo,0.8013605403091174,0.0111370884663944,0.5563733333333333,0.8134902916318388,0.8114795727873911,15.0
statlog-landsat,cart,none,0.8197626685734103,0.015696671620612,0.5603974603174603,0.8326224854602874,0.8325360222394516,9.0
statlog-landsat,cart,ros,0.8148794904568903,0.0121314836927867,0.5535225396825397,0.8279158436805345,0.8277917475319305,11.0
statlog-landsat,cart,rus,0.8162305634257165,0.0131888599417115,0.6595822222222222,0.8225946113585981,0.8124750417196895,10.0
statlog-landsat,cart,smote,0.8222967232427102,0.0135869338025107,0.5853142857142857,0.8329743219346245,0.8305899702399817,5.0
statlog-landsat,cart,soup,0.8276792422818329,0.0089830839163829,0.7108606868331809,0.8322872500395491,0.8178591272249051,2.0
statlog-landsat,knn,allknn,0.8669885988962818,0.0099912040852854,0.7496314244440611,0.8711231185668233,0.8656967877671992,15.0
statlog-landsat,knn,borderline_smote,0.8785071344410721,0.0091167274631651,0.7730396948146269,0.8822170271946291,0.8637133917973917,13.0
statlog-landsat,knn,global_cs,0.8872886336780396,0.0076001644289574,0.7977000796253213,0.8901026303552599,0.8772935001320709,5.0
statlog-landsat,knn,gmm_sampling,0.8830239553567903,0.0084345371100764,0.787665919868125,0.8861652279741438,0.8731098981630911,8.0
statlog-landsat,knn,gpmr_v3,0.8864783580089273,0.0069573158768556,0.7548639193857121,0.8904200923797485,0.8707857352082712,6.0
statlog-landsat,knn,kde_reconstructed,0.8815188866692588,0.0106238343988696,0.689775238095238,0.8876852346221827,0.8892210773431242,11.5
statlog-landsat,knn,mc_ccr,0.8942610337750306,0.0082483200729651,0.7799954252076107,0.8973422314888068,0.8892356603945731,1.0
statlog-landsat,knn,mdo,0.8815380988141635,0.0106100501664841,0.689775238095238,0.8877085399387156,0.8892350967985092,10.0
statlog-landsat,knn,none,0.8815188866692588,0.0106238343988696,0.689775238095238,0.8876852346221827,0.8892210773431242,11.5
statlog-landsat,knn,ros,0.8895381320457545,0.0087503114150907,0.791170079621766,0.8924090770891852,0.880705991533763,4.0
statlog-landsat,knn,rus,0.8823636026125993,0.0076508826848615,0.7725249384563107,0.8857827581809073,0.8739593213317777,9.0
statlog-landsat,knn,smote,0.8903296563693263,0.0080326482367663,0.7946066001121943,0.8931688591172694,0.878495757542384,3.0
statlog-landsat,knn,soup,0.8736486302760467,0.0077749817589553,0.7484608227175054,0.8774496689465728,0.8614663298372018,14.0
statlog-landsat,rf,allknn,0.8663344447606773,0.009106401971163,0.7047829538526227,0.8719298919995646,0.8695402702410511,15.0
statlog-landsat,rf,borderline_smote,0.8935029800064527,0.0094497023957299,0.6822704761904762,0.9005230018501703,0.9004245311638327,2.0
statlog-landsat,rf,global_cs,0.8917834488771165,0.0099997944965873,0.6785955555555556,0.8989265350534024,0.9005651342446501,4.0
statlog-landsat,rf,gmm_sampling,0.8863358274389597,0.0077651479425942,0.7764408343335815,0.8897301568870798,0.8790170795116883,9.0
statlog-landsat,rf,gpmr_v3,0.8964165267284143,0.008930584341337,0.7463341196257752,0.9007818331764564,0.8938572535084538,1.0
statlog-landsat,rf,kde_reconstructed,0.8820297546362034,0.0092876169815491,0.6742895238095238,0.8891657067781178,0.888832703231545,11.0
statlog-landsat,rf,mc_ccr,0.8915438417735237,0.0103673333174842,0.6833790476190477,0.898379840786479,0.8993723464545631,5.0
statlog-landsat,rf,mdo,0.8824930560679656,0.0094438195606379,0.6658044444444444,0.890143175132041,0.8918556867702913,10.0
statlog-landsat,rf,none,0.8804156853730234,0.0105160485570443,0.6209155555555556,0.8912211313362366,0.8976916509745041,12.0
statlog-landsat,rf,ros,0.8911330657798991,0.0099460120771509,0.6728444444444445,0.8986272507865998,0.9010455719548198,6.0
statlog-landsat,rf,rus,0.8904242622759786,0.0096495660118166,0.7506081735886511,0.8945941599975668,0.8863607131817475,7.0
statlog-landsat,rf,smote,0.8930611181547399,0.0107325680306377,0.6873803174603175,0.8997090449419397,0.9008335043786586,3.0
statlog-landsat,rf,soup,0.878427011946795,0.0090946262843097,0.7505217911352641,0.8826905129464303,0.8682127615740624,13.0
thyroid,cart,allknn,0.1233445913502719,0.2430599851411054,0.0603571428571428,0.50648318557588,0.5163588588308964,15.0
thyroid,cart,borderline_smote,0.8940609143005017,0.0955235850478407,0.7665749261212733,0.9080997269292636,0.9046401374949656,8.0
thyroid,cart,global_cs,0.88626765815069,0.0973549060981404,0.7486949650245016,0.9024254978241624,0.900640328052838,11.0
thyroid,cart,gmm_sampling,0.9135483949620132,0.0878394378992195,0.803060169079415,0.9240466527014052,0.8103054830521146,5.0
thyroid,cart,gpmr_v3,0.959026866465299,0.0539616451327266,0.8992815060038154,0.961959469569446,0.9166000639157754,2.0
thyroid,cart,kde_reconstructed,0.8811875610456406,0.107625594148424,0.7519432910634797,0.8961299392760509,0.8492005452058367,12.0
thyroid,cart,mc_ccr,0.8933547103986992,0.0863143522345299,0.7803992256761306,0.902963378595743,0.8971045440309909,9.0
thyroid,cart,mdo,0.8625734269920217,0.1128880856592419,0.7141125201062357,0.8809550929562713,0.8688505488606145,13.0
thyroid,cart,none,0.9142436767254049,0.0705858817978161,0.7988442187558448,0.9227830147508074,0.9174660774262012,4.0
thyroid,cart,ros,0.8909398009533074,0.0879607135253958,0.7575022444170126,0.9045095013653536,0.9038196402623022,10.0
thyroid,cart,rus,0.962603176944647,0.0438860616059913,0.9102337934388208,0.9641182558386014,0.8199612888518721,1.0
thyroid,cart,smote,0.8974096968271558,0.0907015943498314,0.7725597576029627,0.910044171373708,0.9065642066563632,7.0
thyroid,cart,soup,0.9499672444402968,0.0630237595881837,0.8754771256499458,0.9550061409743263,0.9157312022960284,3.0
thyroid,knn,allknn,0.0560445905037432,0.1590639121526211,0.0324999999999999,0.3761276013416625,0.3809367316146904,15.0
thyroid,knn,borderline_smote,0.5379281338221292,0.2004144639903523,0.3429761904761904,0.6211076509682165,0.5908264551272036,8.0
thyroid,knn,global_cs,0.5540092815465211,0.208843685184541,0.3633333333333333,0.6289788526041472,0.5732961218424455,6.5
thyroid,knn,gmm_sampling,0.4631210317757674,0.2348004885964432,0.2776190476190476,0.5765626130001621,0.5053779664894956,10.0
thyroid,knn,gpmr_v3,0.6055595355725331,0.1936618830871758,0.4635964912280701,0.6420801693287946,0.4795159888370467,1.0
thyroid,knn,kde_reconstructed,0.275854835922862,0.2677099765026234,0.1314285714285714,0.5222987194354044,0.540520580303683,13.0
thyroid,knn,mc_ccr,0.5547027641086146,0.208018575596816,0.3633333333333333,0.6290809735782241,0.5718389766851626,5.0
thyroid,knn,mdo,0.2867860606950542,0.2594669758393308,0.1328571428571428,0.5372242484320253,0.5748311005840278,12.0
thyroid,knn,none,0.2354382383422141,0.2571060243164716,0.1169047619047619,0.493708462699036,0.5328359882211336,14.0
thyroid,knn,ros,0.5540092815465211,0.208843685184541,0.3633333333333333,0.6289788526041472,0.5732961218424455,6.5
thyroid,knn,rus,0.4684153382315351,0.2070981277123287,0.2991631130063965,0.5511636367036995,0.3211317150080509,9.0
thyroid,knn,smote,0.5847246022818403,0.2073127610829379,0.4088095238095238,0.6473027406825521,0.571349771422461,2.0
thyroid,knn,soup,0.5785893552951213,0.1887380867797621,0.425407268170426,0.6211659434656293,0.4782635371234283,3.0
thyroid,rf,allknn,0.0495858524536729,0.1525502579546751,0.0164285714285714,0.4693612763251411,0.4898052548008366,15.0
thyroid,rf,borderline_smote,0.9412561183321536,0.0595004695913768,0.8616899524931732,0.9455866033242312,0.9256209247416424,11.0
thyroid,rf,global_cs,0.94610066138286,0.0430334945961545,0.8619936034115139,0.949742827217297,0.9284694566713144,10.0
thyroid,rf,gmm_sampling,0.9754429275800952,0.0377749462662351,0.9378708899113456,0.9767361500766844,0.8997653650113362,1.0
thyroid,rf,gpmr_v3,0.9689095595313912,0.0402545877541327,0.9215843713762016,0.9706089228045238,0.9117631025040408,3.0
thyroid,rf,kde_reconstructed,0.9575882060432866,0.0524194757936311,0.89386460554371,0.9606148767440992,0.9228010886720596,7.0
thyroid,rf,mc_ccr,0.9652148992438492,0.0418011328624993,0.9098729098866568,0.967506359181536,0.9372573672769576,5.0
thyroid,rf,mdo,0.8763276424649717,0.0999985133969714,0.7285924699809224,0.8919251486926271,0.8819116638399405,14.0
thyroid,rf,none,0.92990972980992,0.0706891369129853,0.8266136423147421,0.93754663399793,0.9287249822453996,12.0
thyroid,rf,ros,0.9533624980650728,0.0440956784224172,0.8792172595668275,0.9566354318632402,0.930902947892878,9.0
thyroid,rf,rus,0.9679478812159747,0.0362854335812899,0.9207680582052146,0.9688963702789312,0.7977380321411769,4.0
thyroid,rf,smote,0.9536626414970332,0.0494535486912815,0.8851257808700856,0.9568008017556328,0.9266636651563032,8.0
thyroid,rf,soup,0.971631594996562,0.0390250691341454,0.925265682863876,0.9735361725208544,0.9176466658138864,2.0
vehicle,cart,allknn,0.615089554231299,0.0379548069826659,0.340352360817477,0.6747521567579707,0.649991456981019,15.0
vehicle,cart,borderline_smote,0.6874392830435286,0.0365883037514251,0.4804223296083761,0.7157409257409257,0.7137773941464962,3.0
vehicle,cart,global_cs,0.6900300379384856,0.030811121719788,0.4896612302426256,0.7168085151282826,0.7152093347757723,1.0
vehicle,cart,gmm_sampling,0.6788690154018755,0.0394769569763469,0.4683031309775495,0.7087950934724191,0.7059779606885261,7.0
vehicle,cart,gpmr_v3,0.6768781177446341,0.0376954911438498,0.4687823416893184,0.7069464498679615,0.7052583141756759,14.0
vehicle,cart,kde_reconstructed,0.6808895170943928,0.0338811779895077,0.4671217154938085,0.710830910368701,0.707660141481497,5.0
vehicle,cart,mc_ccr,0.6787406967803785,0.0369556778049478,0.4731918856337461,0.7082621767767117,0.7058197361854667,8.5
vehicle,cart,mdo,0.6786759507377016,0.0410987056664988,0.4758542232960838,0.707412693895252,0.7054093582746997,10.0
vehicle,cart,none,0.6787406967803785,0.0369556778049478,0.4731918856337461,0.7082621767767117,0.7058197361854667,8.5
vehicle,cart,ros,0.6780457413047146,0.0320500342705034,0.4703619248968085,0.7072035687181036,0.7050587860863115,12.0
vehicle,cart,rus,0.6778694263983076,0.0370428848482487,0.4732538004631028,0.7072272030295287,0.7046895905487268,13.0
vehicle,cart,smote,0.6886709717690763,0.0389768136623085,0.4933147085472666,0.7152224267980083,0.7132318456668698,2.0
vehicle,cart,soup,0.6852129427480007,0.0350228154293549,0.4854716601228229,0.7130590010764429,0.7107976262271909,4.0
vehicle,knn,allknn,0.5663451844718161,0.0376094772430386,0.2796506594181012,0.6449657203261855,0.6087734083760862,15.0
vehicle,knn,borderline_smote,0.677973787488173,0.0288529032351025,0.4490556730091613,0.7155321490524978,0.7083205122541092,2.0
vehicle,knn,global_cs,0.675765039077796,0.0271795385183768,0.4421564482029598,0.7139398595590456,0.7069785624119754,4.0
vehicle,knn,gmm_sampling,0.6758467708758096,0.0291238439147346,0.4490596999899325,0.7125303001262303,0.7055378478785626,3.0
vehicle,knn,gpmr_v3,0.6788510517640257,0.0301640302133671,0.4490979563072586,0.7173139263836938,0.7100226307941381,1.0
vehicle,knn,kde_reconstructed,0.6729270076972564,0.0305242802211065,0.4402964864592771,0.7102224713271226,0.7040512245264163,10.0
vehicle,knn,mc_ccr,0.6729270076972564,0.0305242802211065,0.4402964864592771,0.7102224713271226,0.7040512245264163,10.0
vehicle,knn,mdo,0.6734065979620177,0.030221775919973,0.4402964864592771,0.7108570867117379,0.7046637605751842,8.0
vehicle,knn,none,0.6729270076972564,0.0305242802211065,0.4402964864592771,0.7102224713271226,0.7040512245264163,10.0
vehicle,knn,ros,0.6740800959789204,0.0293933449247879,0.4412488674116581,0.7121050732213523,0.7052808370679862,7.0
vehicle,knn,rus,0.6713874878860735,0.0303205635646765,0.434584214235377,0.7102536184745487,0.702781013499814,12.0
vehicle,knn,smote,0.675112590815087,0.0273492199085013,0.4450352360817476,0.7130373279820954,0.7063244968911294,5.0
vehicle,knn,soup,0.6750209555592204,0.0296744850183647,0.4440828551293667,0.7121010946417923,0.7052540957448066,6.0
vehicle,rf,allknn,0.616314772588576,0.0416890538752901,0.3110686600221484,0.690394193016286,0.6561153821568051,15.0
vehicle,rf,borderline_smote,0.71767451373767,0.029868340162493,0.4840214436726064,0.7555286109239597,0.7469068880751487,6.0
vehicle,rf,global_cs,0.7155553077316367,0.0347309824047838,0.4774242424242424,0.7537586773691425,0.7450990695998583,11.0
vehicle,rf,gmm_sampling,0.715226520093617,0.029181043772483,0.4837088492902446,0.7520911598091832,0.7429046179522352,13.0
vehicle,rf,gpmr_v3,0.7162094894160318,0.0345666761888954,0.4855753548776804,0.7542824617243222,0.7451850697848066,10.0
vehicle,rf,kde_reconstructed,0.7166357741471626,0.0330095987460142,0.4826281083257827,0.7543242958591796,0.7459522775480417,9.0
vehicle,rf,mc_ccr,0.7217191178887745,0.031382876498702,0.4897895902547065,0.7585411913667728,0.7499910033520126,1.0
vehicle,rf,mdo,0.7194861775069498,0.0330094152854937,0.4857918050941306,0.7572130843962239,0.7483010344833919,4.0
vehicle,rf,none,0.717402856961818,0.0329482821175283,0.4842691029900332,0.7552256222459711,0.7467091605314929,7.0
vehicle,rf,ros,0.7203445890576119,0.0331853384987496,0.489190073492399,0.7570382543812777,0.748853797744512,2.0
vehicle,rf,rus,0.7195132525202104,0.0272762638476668,0.4872732306453236,0.7563027098870123,0.7476262678012833,3.0
vehicle,rf,smote,0.7186843378173232,0.0357610162609377,0.4809307359307359,0.7564264640398362,0.7480122894463183,5.0
vehicle,rf,soup,0.7155020631705256,0.0332169248493117,0.4827730796335447,0.7532853561167515,0.7443096933517737,12.0
wine,cart,allknn,0.906103788427275,0.0472014237873553,0.8031904761904762,0.9113083213083212,0.904270566171374,15.0
wine,cart,borderline_smote,0.9247657486960448,0.0565419354130737,0.8593217893217893,0.927093314093314,0.9254188123312972,6.0
wine,cart,global_cs,0.9283813935687216,0.0467658534269547,0.861023088023088,0.9309062049062048,0.930412663577746,3.0
wine,cart,gmm_sampling,0.9153026775969249,0.0505110994880303,0.8316075036075036,0.9191197691197692,0.9146082075592566,13.0
wine,cart,gpmr_v3,0.9258553726239168,0.0435767102554693,0.8613290043290043,0.927942760942761,0.9259404203338132,5.0
wine,cart,kde_reconstructed,0.920818817935694,0.0559634549067461,0.8458802308802309,0.924165464165464,0.919992590052819,7.0
wine,cart,mc_ccr,0.9177728512600916,0.0492981486948357,0.8488686868686868,0.9204607984607984,0.9180135986007716,10.5
wine,cart,mdo,0.9339346552723424,0.0489682322259233,0.8635613275613275,0.9370014430014432,0.932886029279958,2.0
wine,cart,none,0.9177728512600916,0.0492981486948357,0.8488686868686868,0.9204607984607984,0.9180135986007716,10.5
wine,cart,ros,0.9384237510598362,0.0473527280758297,0.884005772005772,0.940030303030303,0.9395857582763284,1.0
wine,cart,rus,0.9188477328654177,0.0557010518145735,0.8457373737373737,0.9217551707551708,0.9198887612008496,9.0
wine,cart,smote,0.9268096949452556,0.0627541566279003,0.8665945165945166,0.928964405964406,0.9288520284736048,4.0
wine,cart,soup,0.9101714396077368,0.0552058807068926,0.8228715728715729,0.9144588744588744,0.9093393578628652,14.0
wine,knn,allknn,0.9505162138999104,0.0336113778005966,0.8636190476190475,0.953873015873016,0.9462811450977264,14.0
wine,knn,borderline_smote,0.966559355937289,0.0300502777157543,0.9105396825396824,0.9681798941798944,0.9639061637074344,5.0
wine,knn,global_cs,0.959381971655912,0.0320238405855036,0.885904761904762,0.961968253968254,0.955356435883162,8.0
wine,knn,gmm_sampling,0.9554375602654288,0.0356983367372851,0.8757142857142857,0.9585714285714286,0.9514301993990572,12.0
wine,knn,gpmr_v3,0.9567548837374436,0.0378877631735526,0.8830476190476191,0.9596825396825398,0.953121081768074,11.0
wine,knn,kde_reconstructed,0.9671328888962868,0.0270014473566561,0.9083809523809524,0.9687936507936508,0.9640749024830932,4.0
wine,knn,mc_ccr,0.9701928113556054,0.0280648543630904,0.9204444444444444,0.9714814814814816,0.9677210994065544,1.5
wine,knn,mdo,0.9675571679624456,0.0298158989269161,0.9133015873015872,0.9691005291005292,0.9648061786350354,3.0
wine,knn,none,0.9701928113556054,0.0280648543630904,0.9204444444444444,0.9714814814814816,0.9677210994065544,1.5
wine,knn,ros,0.9575013967204734,0.0333515012458923,0.8843809523809523,0.9601269841269842,0.9537589440335226,9.0
wine,knn,rus,0.9517813040724298,0.0357508408276094,0.8687301587301587,0.9551005291005292,0.9478206997379334,13.0
wine,knn,smote,0.9570691144569452,0.0351934473025803,0.8818095238095238,0.959936507936508,0.9532730490374826,10.0
wine,knn,soup,0.9502821614147828,0.0378121910188939,0.862095238095238,0.954031746031746,0.945650460433632,15.0
wine,rf,allknn,0.975178121603396,0.026295817475488,0.9293333333333332,0.9764444444444444,0.9720098834498055,12.0
wine,rf,borderline_smote,0.984523021533107,0.0203136677053614,0.956896103896104,0.9850764790764792,0.982983293944673,1.0
wine,rf,global_cs,0.9819713900743184,0.0230099215082389,0.950800865800866,0.9826796536796536,0.9801739934748376,9.0
wine,rf,gmm_sampling,0.9729345287036856,0.0274048038908208,0.926943722943723,0.9742510822510824,0.9698127022655916,15.0
wine,rf,gpmr_v3,0.982793308267324,0.0221414909764035,0.9506666666666668,0.9835555555555556,0.980559741908436,8.0
wine,rf,kde_reconstructed,0.9781842323462868,0.0246896669955793,0.9402294372294372,0.9791558441558442,0.9755400467582797,11.0
wine,rf,mc_ccr,0.9830514275407756,0.0220154018716583,0.954038961038961,0.9836796536796536,0.9812879680744696,6.0
wine,rf,mdo,0.972947739879926,0.0298287141894566,0.9274675324675324,0.9743463203463204,0.9699008593395084,14.0
wine,rf,none,0.9839799133895738,0.0215813165520708,0.9554675324675324,0.9846002886002888,0.9824326098461628,4.0
wine,rf,ros,0.984170940819267,0.0194780183937053,0.9555627705627704,0.9847431457431458,0.9823400391206172,3.0
wine,rf,rus,0.9802470982817212,0.0209991011078747,0.9444761904761904,0.981015873015873,0.9778146271920544,10.0
wine,rf,smote,0.9829828591672304,0.0206845288399317,0.9524675324675324,0.9836002886002886,0.9812994243142504,7.0
wine,rf,soup,0.9746149608125504,0.027942430807946,0.9292857142857144,0.975952380952381,0.9714352956114496,13.0
winequality-red,cart,allknn,0.0,0.0,0.0,0.2822129751293631,0.2763045954968871,13.5
winequality-red,cart,borderline_smote,0.0,0.0,0.0,0.3486520892657833,0.3428776043615567,13.5
winequality-red,cart,global_cs,0.0,0.0,0.0,0.3441197635171991,0.3416382139357599,13.5
winequality-red,cart,gmm_sampling,0.1288682665789089,0.2002480851477447,0.0637575757575757,0.4018582196066805,0.3150727650995961,1.0
winequality-red,cart,gpmr_v3,0.117122418507998,0.1823263924508301,0.0730059129682653,0.3634329354283603,0.2744797261430853,3.0
winequality-red,cart,kde_reconstructed,0.0703170258825643,0.1631574579942606,0.0315454545454545,0.394396579144753,0.3407018247985482,4.0
winequality-red,cart,mc_ccr,0.0,0.0,0.0,0.3504414444327641,0.3442800196044909,13.5
winequality-red,cart,mdo,0.024652494224661,0.0985954233175078,0.0116363636363636,0.3619113668079446,0.3610454659397479,7.0
winequality-red,cart,none,0.007433512267615,0.0525628693246401,0.0018181818181818,0.3543260640952914,0.3528686811148608,11.0
winequality-red,cart,ros,0.0146768384143869,0.0727353100966629,0.004,0.3566258949054938,0.3524152986915697,9.0
winequality-red,cart,rus,0.1248752714212828,0.1626486110275809,0.0555906432902437,0.31716552959605,0.1954217623864372,2.0
winequality-red,cart,smote,0.0075860554843485,0.0536415127544027,0.002,0.3700196171609345,0.3485864032913459,10.0
winequality-red,cart,soup,0.0445934762235304,0.1355584658330358,0.0300980392156862,0.3568008094993625,0.2815109781212391,5.0
winequality-red,knn,allknn,0.0,0.0,0.0,0.2786532324708525,0.2749371607621454,13.0
winequality-red,knn,borderline_smote,0.0,0.0,0.0,0.3456292573051961,0.3077518651480856,13.0
winequality-red,knn,global_cs,0.01410444301924,0.0698064912092201,0.0038181818181818,0.3435490360270489,0.3002270276192343,7.0
winequality-red,knn,gmm_sampling,0.066684961772879,0.1443802720117686,0.0274545454545454,0.3545316021745652,0.2919012088696238,6.0
winequality-red,knn,gpmr_v3,0.1611634990494422,0.1853577581656309,0.0846124507874015,0.346973487278722,0.2256362923001822,1.0
winequality-red,knn,kde_reconstructed,0.0,0.0,0.0,0.3208409261854407,0.310882145838506,13.0
winequality-red,knn,mc_ccr,0.013908839496505,0.0688310541111225,0.0038181818181818,0.3476842451756035,0.3005193119088746,8.0
winequality-red,knn,mdo,0.0,0.0,0.0,0.2832559748982676,0.2871121581575545,13.0
winequality-red,knn,none,0.0,0.0,0.0,0.280538918786019,0.2837898139275916,13.0
winequality-red,knn,ros,0.0138943592906052,0.0687890860976462,0.0038181818181818,0.3390803722971441,0.3034333239818935,9.0
winequality-red,knn,rus,0.1008304056940982,0.1575310791492289,0.0477838259056163,0.311543570438038,0.2034416395663573,3.0
winequality-red,knn,smote,0.0754402347520523,0.1642639815030725,0.039075161059413,0.3560222090888031,0.2942589746192764,5.0
winequality-red,knn,soup,0.0854839991875917,0.1632324538727473,0.0578408773057316,0.340453766746347,0.2511895999440454,4.0
winequality-red,rf,allknn,0.0,0.0,0.0,0.2934979346504053,0.2928149391014986,11.0
winequality-red,rf,borderline_smote,0.0,0.0,0.0,0.3840032881117255,0.3844114369204174,11.0
winequality-red,rf,global_cs,0.0,0.0,0.0,0.368023119114815,0.3732160611611885,11.0
winequality-red,rf,gmm_sampling,0.1731134025826048,0.2254894026132448,0.0958087121212121,0.4414008670445123,0.3602803816220853,2.0
winequality-red,rf,gpmr_v3,0.1642898958972901,0.2227785082061726,0.0970549615246957,0.413972642066341,0.3132357848480433,3.0
winequality-red,rf,kde_reconstructed,0.0793955625360021,0.1721204920387851,0.0331818181818181,0.4170493764755391,0.3883267895395266,4.0
winequality-red,rf,mc_ccr,0.0,0.0,0.0,0.3721650918035656,0.3758257499947867,11.0
winequality-red,rf,mdo,0.0,0.0,0.0,0.3552880977518054,0.3663889532587376,11.0
winequality-red,rf,none,0.0,0.0,0.0,0.3537011947768135,0.3622654130200453,11.0
winequality-red,rf,ros,0.0,0.0,0.0,0.3660837997723082,0.372460475534743,11.0
winequality-red,rf,rus,0.1843837108651269,0.1753722021048699,0.0959624378246425,0.342201960230475,0.2169814587065813,1.0
winequality-red,rf,smote,0.0,0.0,0.0,0.4027615380538638,0.3927230263208511,11.0
winequality-red,rf,soup,0.0094920248879798,0.06711875165482,0.005,0.3645526665749054,0.2934764654928943,6.0
balance,cart,gdhs_lc_official,0.5673958804899308,,0.3549042145593869,,,3.0
balance,cart,mc_mbrc_reconstructed,0.10892534992642032,,0.028444444444444446,,,9.0
balance,knn,gdhs_lc_official,0.6859104245239662,,0.6040629159104658,,,6.0
balance,knn,mc_mbrc_reconstructed,0.41492153176600416,,0.166,,,8.0
balance,rf,gdhs_lc_official,0.5773286102243486,,0.3313333333333333,,,3.0
balance,rf,mc_mbrc_reconstructed,0.0,,0.0,,,12.0
car,cart,gdhs_lc_official,0.9396706959730308,,0.8715163783584836,,,1.0
car,cart,mc_mbrc_reconstructed,0.9111329672968844,,0.8104595404595405,,,12.0
car,knn,gdhs_lc_official,0.6753446829638023,,0.5269372732530627,,,2.0
car,knn,mc_mbrc_reconstructed,0.38572968627938115,,0.16340659340659336,,,12.0
car,rf,gdhs_lc_official,0.9354894466253683,,0.8443020615747889,,,6.0
car,rf,mc_mbrc_reconstructed,0.9102364248932884,,0.7950504041413133,,,10.0
cleveland,cart,gdhs_lc_official,0.07174160910365349,,0.03446753246753246,,,3.0
cleveland,cart,mc_mbrc_reconstructed,0.046120156466971436,,0.01984415584415584,,,10.0
cleveland,knn,gdhs_lc_official,0.04743727205674635,,0.018883116883116877,,,7.0
cleveland,knn,mc_mbrc_reconstructed,0.05676341853511183,,0.024415584415584404,,,6.0
cleveland,rf,gdhs_lc_official,0.035850142040582,,0.015246753246753241,,,6.0
cleveland,rf,mc_mbrc_reconstructed,0.04570140272845455,,0.018441558441558436,,,3.0
contraceptive,cart,gdhs_lc_official,0.4715773207085085,,0.38173217294452916,,,3.0
contraceptive,cart,mc_mbrc_reconstructed,0.4788633132588178,,0.41734722886269543,,,2.0
contraceptive,knn,gdhs_lc_official,0.45344995698300816,,0.28435179897201596,,,8.0
contraceptive,knn,mc_mbrc_reconstructed,0.4597029628671421,,0.36880381592375594,,,6.0
contraceptive,rf,gdhs_lc_official,0.5176544639379221,,0.4150732914525033,,,1.0
contraceptive,rf,mc_mbrc_reconstructed,0.5172920651535666,,0.4605265660689853,,,2.0
dermatology,cart,gdhs_lc_official,0.9239838286218405,,0.7543333333333334,,,13.0
dermatology,cart,mc_mbrc_reconstructed,0.9266279150460154,,0.7745353535353536,,,11.0
dermatology,knn,gdhs_lc_official,0.9492164648695668,,0.799070707070707,,,7.0
dermatology,knn,mc_mbrc_reconstructed,0.951275895953988,,0.8134444444444445,,,4.0
dermatology,rf,gdhs_lc_official,0.9697346331623413,,0.8631111111111112,,,9.0
dermatology,rf,mc_mbrc_reconstructed,0.9710560000559042,,0.8685555555555555,,,5.0
dry-bean,cart,gdhs_lc_official,0.9142488579266208,,0.8390398769478467,,,3.0
dry-bean,cart,mc_mbrc_reconstructed,0.9112076706476349,,0.8366473569065761,,,4.0
dry-bean,knn,gdhs_lc_official,0.9328867549169716,,0.8669937755160716,,,1.0
dry-bean,knn,mc_mbrc_reconstructed,0.932436424272743,,0.8712373861235967,,,2.0
dry-bean,rf,gdhs_lc_official,0.9337375127175642,,0.8650217785061238,,,5.0
dry-bean,rf,mc_mbrc_reconstructed,0.9332415421462816,,0.8710672417309756,,,8.0
flare,cart,gdhs_lc_official,0.3382587436908184,,0.11618421052631579,,,12.0
flare,cart,mc_mbrc_reconstructed,0.49086489702063907,,0.19433552853765618,,,5.0
flare,knn,gdhs_lc_official,0.4991494099577235,,0.21399293890755255,,,4.0
flare,knn,mc_mbrc_reconstructed,0.4293431759817874,,0.16592105263157894,,,11.0
flare,rf,gdhs_lc_official,0.44296931149654506,,0.1567970013686699,,,9.0
flare,rf,mc_mbrc_reconstructed,0.4977674453353682,,0.2008632618780995,,,6.0
hayes-roth,cart,gdhs_lc_official,0.8365414215073272,,0.7053846153846153,,,9.0
hayes-roth,cart,mc_mbrc_reconstructed,0.8258824896006913,,0.696978021978022,,,12.0
hayes-roth,knn,gdhs_lc_official,0.5329011232171815,,0.38653846153846155,,,3.0
hayes-roth,knn,mc_mbrc_reconstructed,0.5414275221026411,,0.3833516483516483,,,1.0
hayes-roth,rf,gdhs_lc_official,0.822688755129179,,0.6674358974358975,,,10.0
hayes-roth,rf,mc_mbrc_reconstructed,0.8555532809579383,,0.6979487179487179,,,2.0
led7digit,cart,gdhs_lc_official,0.6057989995190428,,0.30957142857142855,,,13.0
led7digit,cart,mc_mbrc_reconstructed,0.1041186275885046,,0.025767676767676762,,,15.0
led7digit,knn,gdhs_lc_official,0.33301288374698096,,0.08483838383838384,,,12.0
led7digit,knn,mc_mbrc_reconstructed,0.4679696333550212,,0.204010101010101,,,11.0
led7digit,rf,gdhs_lc_official,0.6186559877603286,,0.3295108225108225,,,13.0
led7digit,rf,mc_mbrc_reconstructed,0.10466372406830937,,0.025767676767676762,,,15.0
pageblocks-full,cart,gdhs_lc_official,0.8233125449332522,,0.6194466403162056,,,9.0
pageblocks-full,cart,mc_mbrc_reconstructed,0.826629326925934,,0.6253276499005399,,,7.0
pageblocks-full,knn,gdhs_lc_official,0.889382773556815,,0.7415185973446843,,,2.0
pageblocks-full,knn,mc_mbrc_reconstructed,0.8056159746742116,,0.625177388681225,,,11.0
pageblocks-full,rf,gdhs_lc_official,0.8835339190557143,,0.7258124467178176,,,6.0
pageblocks-full,rf,mc_mbrc_reconstructed,0.8613132485276905,,0.679366297243535,,,10.0
statlog-landsat,cart,gdhs_lc_official,0.8227561382913154,,0.5768419047619048,,,4.0
statlog-landsat,cart,mc_mbrc_reconstructed,0.8219127360062051,,0.5753892063492063,,,6.0
statlog-landsat,knn,gdhs_lc_official,0.8922898698267291,,0.7970655188817146,,,2.0
statlog-landsat,knn,mc_mbrc_reconstructed,0.8838481979941458,,0.7054273015873015,,,7.0
statlog-landsat,rf,gdhs_lc_official,0.8891568324948748,,0.6701295238095238,,,8.0
statlog-landsat,rf,mc_mbrc_reconstructed,0.8778073367369091,,0.6420088888888889,,,14.0
thyroid,cart,gdhs_lc_official,0.9111214922661339,,0.7974093816631129,,,6.0
thyroid,cart,mc_mbrc_reconstructed,0.8270797770649885,,0.6574959787528524,,,14.0
thyroid,knn,gdhs_lc_official,0.5774258400440397,,0.3759523809523809,,,4.0
thyroid,knn,mc_mbrc_reconstructed,0.42240575958229487,,0.24595238095238095,,,11.0
thyroid,rf,gdhs_lc_official,0.9579201736051559,,0.8953012194665768,,,6.0
thyroid,rf,mc_mbrc_reconstructed,0.8804244641204826,,0.7409557475779,,,13.0
vehicle,cart,gdhs_lc_official,0.6783202473007378,,0.46457364341085267,,,11.0
vehicle,cart,mc_mbrc_reconstructed,0.6807104128097984,,0.4754595791805094,,,6.0
vehicle,knn,gdhs_lc_official,0.6689625965789303,,0.42788583509513733,,,13.0
vehicle,knn,mc_mbrc_reconstructed,0.6683751492691935,,0.43093979663747106,,,14.0
vehicle,rf,gdhs_lc_official,0.7139548863696116,,0.47454142756468337,,,14.0
vehicle,rf,mc_mbrc_reconstructed,0.7169844663166144,,0.46761149703010163,,,8.0
wine,cart,gdhs_lc_official,0.9158482674452189,,0.8437849927849927,,,12.0
wine,cart,mc_mbrc_reconstructed,0.9203704686429762,,0.8455079365079365,,,8.0
wine,knn,gdhs_lc_official,0.9642387543111084,,0.9028571428571428,,,7.0
wine,knn,mc_mbrc_reconstructed,0.9662686128641043,,0.9077777777777777,,,6.0
wine,rf,gdhs_lc_official,0.9835597458481703,,0.9550779220779221,,,5.0
wine,rf,mc_mbrc_reconstructed,0.9842490752919008,,0.955952380952381,,,2.0
winequality-red,cart,gdhs_lc_official,0.04156404846703587,,0.018818181818181817,,,6.0
winequality-red,cart,mc_mbrc_reconstructed,0.023410120909233334,,0.0076363636363636364,,,8.0
winequality-red,knn,gdhs_lc_official,0.1300483721361384,,0.0692097902097902,,,2.0
winequality-red,knn,mc_mbrc_reconstructed,0.006660608084314894,,0.002,,,10.0
winequality-red,rf,gdhs_lc_official,0.05295541475589283,,0.022575757575757572,,,5.0
winequality-red,rf,mc_mbrc_reconstructed,0.0,,0.0,,,11.0
