dataset,classifier,method,gmean,worst_recall,balanced_accuracy,macro_f1,sampling_seconds,train_after,rank
balance,cart,addition_objective_only,0.46310689779122816,0.2303754789272031,0.5990732002419843,0.5942003594884581,0.008617263995110988,348.0,4.0
balance,cart,gpmr_full,0.5863643898086471,0.3835708812260536,0.6346013309134907,0.6125427682789878,0.007977854004129767,348.0,2.0
balance,cart,no_capacity,0.5876287898710738,0.3886053639846743,0.6382226255293406,0.6151960365060589,0.007805172000080347,348.0,1.0
balance,cart,removal_objective_only,0.5609364881528035,0.3541226053639847,0.6199310344827587,0.6024956327294319,0.008342531996313483,348.0,3.0
balance,cart,uniform_mass,0.4294008443156966,0.22237547892720308,0.6018531962089131,0.595569160512021,0.008671878001186996,348.0,5.0
balance,knn,addition_objective_only,0.6189043269503413,0.4723020770316596,0.6402402366068428,0.5987862207147476,0.008617263995110988,348.0,4.0
balance,knn,gpmr_full,0.723531601640059,0.6397205081669691,0.7300266182698125,0.6360966436144306,0.007977854004129767,348.0,2.0
balance,knn,no_capacity,0.7288590432304923,0.6376019358741681,0.736140350877193,0.6390927439350991,0.007805172000080347,348.0,1.0
balance,knn,removal_objective_only,0.7188081880259753,0.6305323653962492,0.7259524097600323,0.6333468486640698,0.008342531996313483,348.0,3.0
balance,knn,uniform_mass,0.6172472590898832,0.46477273643879813,0.6401450561269073,0.5994668100065952,0.008671878001186996,348.0,5.0
balance,rf,addition_objective_only,0.2935979104679786,0.13266666666666668,0.5860774349667272,0.5884578901977686,0.008617263995110988,348.0,4.0
balance,rf,gpmr_full,0.5396151628462789,0.3107662835249042,0.6321193789070376,0.6196784011934063,0.007977854004129767,348.0,3.0
balance,rf,no_capacity,0.5733820342238141,0.3427662835249042,0.6445545472877596,0.6282864130414668,0.007805172000080347,348.0,1.0
balance,rf,removal_objective_only,0.5654076163047997,0.3267662835249043,0.6342141560798548,0.6209511517098498,0.008342531996313483,348.0,2.0
balance,rf,uniform_mass,0.2564457898093021,0.12666666666666665,0.5871002218189151,0.5885093371255583,0.008671878001186996,348.0,5.0
car,cart,addition_objective_only,0.9426169830124133,0.8791541472881186,0.9439791667662482,0.9240698386035411,0.05356197400484234,724.0,1.0
car,cart,gpmr_full,0.932037736644819,0.8686702770913297,0.933438678546334,0.8962379040004307,0.05354093000525609,724.0,5.0
car,cart,no_capacity,0.9365421242965805,0.871759914726422,0.9379894328159878,0.9016488932583997,0.05116333600366488,724.0,2.0
car,cart,removal_objective_only,0.9332657501891494,0.8750566180231252,0.9346303875550287,0.8963321276859045,0.05517351599643007,724.0,3.0
car,cart,uniform_mass,0.9326759070470761,0.8685850752118696,0.9340467307811805,0.9158597818289868,0.05462288999930024,724.0,4.0
car,knn,addition_objective_only,0.6846922671696793,0.5600045409136318,0.6927264003938645,0.5020550822667625,0.05356197400484234,724.0,1.0
car,knn,gpmr_full,0.6648196856915252,0.5212696394514577,0.6757949586298869,0.4809230181283491,0.05354093000525609,724.0,3.0
car,knn,no_capacity,0.6443462943869878,0.5160693851602942,0.6544425670023756,0.4762700315604282,0.05116333600366488,724.0,5.0
car,knn,removal_objective_only,0.6592680498435287,0.5176668785759695,0.6696411662500179,0.47589661873316047,0.05517351599643007,724.0,4.0
car,knn,uniform_mass,0.6737244236866983,0.550415947688675,0.6823972797537391,0.49307175761383104,0.05462288999930024,724.0,2.0
car,rf,addition_objective_only,0.9365671342912646,0.8699872854418309,0.9380522109469477,0.896590116214614,0.05356197400484234,724.0,1.0
car,rf,gpmr_full,0.9191775977227721,0.8290418672236853,0.9217851526463967,0.8636280631386516,0.05354093000525609,724.0,3.0
car,rf,no_capacity,0.9145736048147991,0.8245509036418127,0.9171023055891477,0.8607656007770649,0.05116333600366488,724.0,5.0
car,rf,removal_objective_only,0.9181437207244728,0.8269321587503405,0.9207208700390518,0.8619461063846221,0.05517351599643007,724.0,4.0
car,rf,uniform_mass,0.9339340023629513,0.8627763145944963,0.9355837165227118,0.8966316071661586,0.05462288999930024,724.0,2.0
cleveland,cart,addition_objective_only,0.08974620414147819,0.04418181818181818,0.28314069264069264,0.27114104103573416,0.00782874200725928,133.0,2.0
cleveland,cart,gpmr_full,0.07287340026101159,0.032467532467532464,0.284119264069264,0.26692491299896287,0.00714834600687027,133.0,3.0
cleveland,cart,no_capacity,0.10054998052429537,0.053417207792207794,0.29478766233766235,0.2788492477013658,0.007068659998476505,133.0,1.0
cleveland,cart,removal_objective_only,0.06998479834242492,0.03012987012987013,0.28695021645021646,0.2686239474887753,0.0076427380135282875,133.0,4.0
cleveland,cart,uniform_mass,0.06136800497844022,0.032467532467532464,0.2837955627705628,0.2732101714949098,0.007980272001586854,133.0,5.0
cleveland,knn,addition_objective_only,0.11057232351081277,0.05628571428571428,0.3326111471861472,0.3145568469955652,0.00782874200725928,133.0,4.0
cleveland,knn,gpmr_full,0.1332386765553381,0.05623376623376623,0.34348430735930735,0.319352300751347,0.00714834600687027,133.0,2.0
cleveland,knn,no_capacity,0.12981815456778473,0.05527272727272727,0.33821287878787876,0.3139409037093385,0.007068659998476505,133.0,3.0
cleveland,knn,removal_objective_only,0.14271707631207983,0.06311688311688311,0.35691060606060604,0.32756883770568046,0.0076427380135282875,133.0,1.0
cleveland,knn,uniform_mass,0.08515255408715933,0.038103896103896105,0.33604945887445886,0.3086406114361495,0.007980272001586854,133.0,5.0
cleveland,rf,addition_objective_only,0.05984925998085984,0.023662337662337666,0.31764642857142855,0.30672141725215285,0.00782874200725928,133.0,5.0
cleveland,rf,gpmr_full,0.08292533585980237,0.03922077922077922,0.33763658008658004,0.32235295620130633,0.00714834600687027,133.0,3.0
cleveland,rf,no_capacity,0.08799914104547671,0.045636363636363635,0.33072305194805196,0.31897471804497424,0.007068659998476505,133.0,2.0
cleveland,rf,removal_objective_only,0.12058274342731147,0.06667532467532468,0.3403242424242424,0.32782116282748236,0.0076427380135282875,133.0,1.0
cleveland,rf,uniform_mass,0.06768529979248883,0.031168831168831165,0.3238595238095238,0.3100137248763313,0.007980272001586854,133.0,4.0
contraceptive,cart,addition_objective_only,0.4564118871088272,0.3865736001989946,0.46244242536730207,0.45895311693818447,0.024812768001575024,1153.8,4.0
contraceptive,cart,gpmr_full,0.47084744913847404,0.4115894872969145,0.4749148170174204,0.4702537860811084,0.02435377799673006,1153.8,1.0
contraceptive,cart,no_capacity,0.46621247697955576,0.40707518157197226,0.4702959953991037,0.46657949157325634,0.023060497993137686,1153.8,3.0
contraceptive,cart,removal_objective_only,0.46811080440968184,0.41148998678129156,0.4719278674463584,0.4676105529590437,0.024805093985050916,1153.8,2.0
contraceptive,cart,uniform_mass,0.4533456650405831,0.38384458243344854,0.45901180321937685,0.45570620441212634,0.025126364000607283,1153.8,5.0
contraceptive,knn,addition_objective_only,0.45267898911659754,0.35539954493124115,0.46248438441723094,0.44506556189290114,0.024812768001575024,1153.8,5.0
contraceptive,knn,gpmr_full,0.46634890533178364,0.3858519848068677,0.4741399109300614,0.4558178212081156,0.02435377799673006,1153.8,2.0
contraceptive,knn,no_capacity,0.4659278860950835,0.38258618657819116,0.47403187804638436,0.45580429906202136,0.023060497993137686,1153.8,3.0
contraceptive,knn,removal_objective_only,0.4740517414190631,0.4014105318502806,0.4803036655826618,0.46409671603980646,0.024805093985050916,1153.8,1.0
contraceptive,knn,uniform_mass,0.45408646110499284,0.36331210448286405,0.4626855688174781,0.4464023904207213,0.025126364000607283,1153.8,4.0
contraceptive,rf,addition_objective_only,0.5003348709121153,0.4312745214274405,0.5053858066158142,0.5032595432811943,0.024812768001575024,1153.8,5.0
contraceptive,rf,gpmr_full,0.5125315404369745,0.4509536757754834,0.5162059320337878,0.512431044078823,0.02435377799673006,1153.8,2.0
contraceptive,rf,no_capacity,0.5125954028231835,0.44988952933862875,0.5162511755928179,0.5126260774668057,0.023060497993137686,1153.8,1.0
contraceptive,rf,removal_objective_only,0.5117767031407254,0.44870813692692196,0.515529291776863,0.5124602016143917,0.024805093985050916,1153.8,3.0
contraceptive,rf,uniform_mass,0.5014006089848355,0.43134306144372886,0.506526591773731,0.5046206529125277,0.025126364000607283,1153.8,4.0
dermatology,cart,addition_objective_only,0.9335524227772655,0.7905901875901875,0.9392725599682121,0.9328828252003905,0.022770591990556567,258.0,3.0
dermatology,cart,gpmr_full,0.934608267097924,0.7876219336219336,0.940365110734676,0.935182607214902,0.021739536002278327,258.0,1.0
dermatology,cart,no_capacity,0.9321746643906438,0.7869235209235209,0.9380635234330886,0.9334336015876603,0.021242437998298554,258.0,5.0
dermatology,cart,removal_objective_only,0.9343776086740818,0.788923520923521,0.9400444298052995,0.9352761286207332,0.022327102003619075,258.0,2.0
dermatology,cart,uniform_mass,0.9322207293715931,0.7855422548466027,0.9376700650396304,0.9308226608529465,0.02299350997665897,258.0,4.0
dermatology,knn,addition_objective_only,0.9506794829951464,0.8137154150197629,0.9542026266808875,0.9486349364970138,0.022770591990556567,258.0,2.0
dermatology,knn,gpmr_full,0.9505119233618301,0.8036666666666666,0.9542936821632473,0.9496467668237202,0.021739536002278327,258.0,3.0
dermatology,knn,no_capacity,0.9481708085283331,0.7962727272727272,0.9523173975782672,0.9472946811191625,0.021242437998298554,258.0,4.0
dermatology,knn,removal_objective_only,0.9440269095356476,0.7829999999999999,0.9490596754292406,0.9442934271143051,0.022327102003619075,258.0,5.0
dermatology,knn,uniform_mass,0.9507794732998185,0.8119595959595959,0.9543832005353744,0.9495319145486981,0.02299350997665897,258.0,1.0
dermatology,rf,addition_objective_only,0.9689103474879353,0.8588888888888888,0.9711077441077441,0.968575719162195,0.022770591990556567,258.0,2.0
dermatology,rf,gpmr_full,0.9692608077274903,0.8588888888888888,0.9715,0.9694878160383484,0.021739536002278327,258.0,1.0
dermatology,rf,no_capacity,0.9685425899306669,0.8603333333333333,0.9707962962962964,0.9687542624296576,0.021242437998298554,258.0,3.0
dermatology,rf,removal_objective_only,0.9661034477714731,0.8485555555555555,0.9685555555555555,0.9663947222191415,0.022327102003619075,258.0,5.0
dermatology,rf,uniform_mass,0.9678880480702787,0.8567777777777777,0.9700117845117845,0.9676766594811689,0.02299350997665897,258.0,4.0
dry-bean,cart,addition_objective_only,0.9073086980624713,0.823384721005361,0.9087897136895152,0.9063053495457832,0.30097288199700417,10238.2,4.0
dry-bean,cart,gpmr_full,0.9105252486631551,0.8342060970287712,0.9118061606234575,0.9093085654936285,0.3303079260140657,10238.2,3.0
dry-bean,cart,no_capacity,0.9108178123630571,0.8274002023996812,0.9121791102514051,0.9096170389223482,0.26716631799703466,10238.2,2.0
dry-bean,cart,removal_objective_only,0.911880482655509,0.8345907257585474,0.9131588023101525,0.9110215198287066,0.32852625399595126,10238.2,1.0
dry-bean,cart,uniform_mass,0.9072147948069109,0.8244732356046852,0.9087155295666952,0.9063823898663776,0.3031374580040574,10238.2,5.0
dry-bean,knn,addition_objective_only,0.9300237894192336,0.8678846625284581,0.930906758960333,0.9295090078520761,0.30097288199700417,10238.2,5.0
dry-bean,knn,gpmr_full,0.9320453191502955,0.8822861230247685,0.9327735894299256,0.9313203673925622,0.3303079260140657,10238.2,2.0
dry-bean,knn,no_capacity,0.9317268921824432,0.8820019599608473,0.9324580964404815,0.9306481206545237,0.26716631799703466,10238.2,3.0
dry-bean,knn,removal_objective_only,0.9331951028564469,0.8828539556140226,0.9339179799753589,0.9328525856699157,0.32852625399595126,10238.2,1.0
dry-bean,knn,uniform_mass,0.9311889588852693,0.8718229694994428,0.9320572556649437,0.9311285022839898,0.3031374580040574,10238.2,4.0
dry-bean,rf,addition_objective_only,0.9335730993264885,0.8745338806134589,0.9343470947986053,0.9336591758195124,0.30097288199700417,10238.2,1.0
dry-bean,rf,gpmr_full,0.9312988832428486,0.872932384376472,0.9321144871675251,0.9313136143869118,0.3303079260140657,10238.2,5.0
dry-bean,rf,no_capacity,0.931362069127032,0.8697751197184966,0.9321991100175897,0.9311553106264041,0.26716631799703466,10238.2,4.0
dry-bean,rf,removal_objective_only,0.9316147805563988,0.870473411324923,0.9324461884820552,0.9317879944277938,0.32852625399595126,10238.2,3.0
dry-bean,rf,uniform_mass,0.9330378144891205,0.8732962250264419,0.9338336212023124,0.933332626168297,0.3031374580040574,10238.2,2.0
flare,cart,addition_objective_only,0.3823918935882049,0.13671783625730993,0.6057063183728258,0.5941656461761184,0.042659046009648594,858.0,3.0
flare,cart,gpmr_full,0.4398464272652054,0.1698366927958193,0.6109753320920434,0.5978709565892101,0.04201823799870908,858.0,2.0
flare,cart,no_capacity,0.44363815156601133,0.16620754012691305,0.6068806079197455,0.5943107680544703,0.039387681996449826,858.0,1.0
flare,cart,removal_objective_only,0.3767110751859413,0.13686279084235412,0.6074508053186526,0.5945329770995428,0.04358429999323562,858.0,4.0
flare,cart,uniform_mass,0.32074990443822615,0.11679280204056239,0.6015588370947227,0.5914179195125516,0.04365749999415129,858.0,5.0
flare,knn,addition_objective_only,0.5183824468160741,0.22123755754634813,0.625278312979308,0.6078607086257631,0.042659046009648594,858.0,5.0
flare,knn,gpmr_full,0.5521523906924091,0.2356431193231305,0.6359740180611484,0.6112581061072064,0.04201823799870908,858.0,2.0
flare,knn,no_capacity,0.5571448088912142,0.2460524760482767,0.6394913678536525,0.6144563261294127,0.039387681996449826,858.0,1.0
flare,knn,removal_objective_only,0.520589430714205,0.2155496453900709,0.6348275943076835,0.6082894910958436,0.04358429999323562,858.0,4.0
flare,knn,uniform_mass,0.5313644716894111,0.2351556862013189,0.6274494194812168,0.6113809811698151,0.04365749999415129,858.0,3.0
flare,rf,addition_objective_only,0.4946926349283591,0.1918772551947244,0.6209132223913525,0.6106786438079542,0.042659046009648594,858.0,2.0
flare,rf,gpmr_full,0.51088286544294,0.21286067562523328,0.6221145058104671,0.6089879016500377,0.04201823799870908,858.0,1.0
flare,rf,no_capacity,0.48641945495660494,0.19635420554933433,0.6190264594155476,0.6065972101253617,0.039387681996449826,858.0,3.0
flare,rf,removal_objective_only,0.4782714513181726,0.20859229189996267,0.6188948585939873,0.6060803615426367,0.04358429999323562,858.0,5.0
flare,rf,uniform_mass,0.48618149707579905,0.19507309941520468,0.6201757733719984,0.6105894669543201,0.04365749999415129,858.0,4.0
hayes-roth,cart,addition_objective_only,0.8361354240224506,0.6971794871794872,0.8491880341880342,0.8473450624248144,0.005492548004258424,105.6,2.0
hayes-roth,cart,gpmr_full,0.823774922226785,0.6732051282051281,0.8377655677655678,0.8319574846106329,0.004843402004335076,105.6,5.0
hayes-roth,cart,no_capacity,0.8261311078166788,0.6762820512820512,0.8399023199023199,0.8330619234787728,0.004728928005788475,105.6,4.0
hayes-roth,cart,removal_objective_only,0.8276702613418969,0.683974358974359,0.840927960927961,0.8354517854640542,0.005111281995195896,105.6,3.0
hayes-roth,cart,uniform_mass,0.8392211832358314,0.7094871794871795,0.8505555555555556,0.849712066138716,0.005480475993826985,105.6,1.0
hayes-roth,knn,addition_objective_only,0.48720528314364253,0.35719780219780217,0.5122588522588523,0.5314046666907942,0.005492548004258424,105.6,4.0
hayes-roth,knn,gpmr_full,0.5364830496036638,0.37256410256410255,0.5701221001221001,0.5724894316832801,0.004843402004335076,105.6,2.0
hayes-roth,knn,no_capacity,0.5500905495909649,0.3769230769230769,0.5863614163614164,0.5869623112041463,0.004728928005788475,105.6,1.0
hayes-roth,knn,removal_objective_only,0.5363801205755067,0.38230769230769235,0.5651648351648352,0.5685713808452647,0.005111281995195896,105.6,3.0
hayes-roth,knn,uniform_mass,0.4613907167331394,0.3259157509157509,0.49755799755799757,0.5138735691963684,0.005480475993826985,105.6,5.0
hayes-roth,rf,addition_objective_only,0.8283994579222138,0.6852564102564103,0.8417948717948718,0.8400554133574542,0.005492548004258424,105.6,2.0
hayes-roth,rf,gpmr_full,0.8173813322429895,0.6617948717948718,0.8332478632478633,0.8246660424938891,0.004843402004335076,105.6,3.0
hayes-roth,rf,no_capacity,0.813948640930268,0.651025641025641,0.8311965811965811,0.8199073072247086,0.004728928005788475,105.6,5.0
hayes-roth,rf,removal_objective_only,0.8156981853797385,0.6541025641025641,0.8322222222222223,0.8232838600632951,0.005111281995195896,105.6,4.0
hayes-roth,rf,uniform_mass,0.8342898100059493,0.6914102564102563,0.8474358974358974,0.8455799450815534,0.005480475993826985,105.6,1.0
led7digit,cart,addition_objective_only,0.6749642538363574,0.40295959595959596,0.6985332611832612,0.6911436660145914,0.007724772007204592,404.0,4.0
led7digit,cart,gpmr_full,0.6813041283449864,0.41097979797979795,0.7038566378066378,0.6971844270399029,0.007405648003332317,404.0,1.0
led7digit,cart,no_capacity,0.6800359518673557,0.41031313131313135,0.7027891053391053,0.6961218353387066,0.00721848200308159,404.0,2.0
led7digit,cart,removal_objective_only,0.6791268567183896,0.4100707070707071,0.7020858585858586,0.6954014176483818,0.0078100539953447875,404.0,3.0
led7digit,cart,uniform_mass,0.6737932098936698,0.40054545454545454,0.6979994227994228,0.6903403277972544,0.008018010000232606,404.0,5.0
led7digit,knn,addition_objective_only,0.6672171268665711,0.40074603174603174,0.6908974025974025,0.6835562042610402,0.007724772007204592,404.0,4.0
led7digit,knn,gpmr_full,0.6769727911924062,0.4243737373737374,0.6989643578643578,0.6918951700798854,0.007405648003332317,404.0,1.0
led7digit,knn,no_capacity,0.6749363095779419,0.41653535353535354,0.6972284992784992,0.6900245029230492,0.00721848200308159,404.0,2.0
led7digit,knn,removal_objective_only,0.6715046457516354,0.40942424242424247,0.6954475468975468,0.6886024942279458,0.0078100539953447875,404.0,3.0
led7digit,knn,uniform_mass,0.6664423791418328,0.39295959595959595,0.6916078643578644,0.6841305740440632,0.008018010000232606,404.0,5.0
led7digit,rf,addition_objective_only,0.6877975259467906,0.4310606060606061,0.7081604617604618,0.7036948307759804,0.007724772007204592,404.0,1.0
led7digit,rf,gpmr_full,0.6838311515085613,0.418959595959596,0.7057205627705627,0.700993340913054,0.007405648003332317,404.0,4.0
led7digit,rf,no_capacity,0.6860254520378866,0.41934343434343435,0.707895165945166,0.7033000701060134,0.00721848200308159,404.0,2.0
led7digit,rf,removal_objective_only,0.6844835542540645,0.426963924963925,0.705707215007215,0.7011299339116671,0.0078100539953447875,404.0,3.0
led7digit,rf,uniform_mass,0.6836808455058012,0.4177215007215007,0.7059982683982685,0.7007859666215495,0.008018010000232606,404.0,5.0
pageblocks-full,cart,addition_objective_only,0.9032053919237346,0.798664861458565,0.9064658952640291,0.7164475994996681,0.10478328600991517,833.0,5.0
pageblocks-full,cart,gpmr_full,0.9066067365321855,0.7888487860551571,0.9103218562114941,0.7576134354778847,0.104302509999834,833.0,3.0
pageblocks-full,cart,no_capacity,0.9079823702341805,0.7959445675849487,0.9112804736086138,0.7566681045469221,0.10239746001316234,833.0,1.0
pageblocks-full,cart,removal_objective_only,0.9043815127654493,0.7905847005069282,0.9079892125511959,0.748235456261488,0.10559278800152243,833.0,4.0
pageblocks-full,cart,uniform_mass,0.9068264355606342,0.7999142363248707,0.9100789270143653,0.7132064364950551,0.10519333599833772,833.0,2.0
pageblocks-full,knn,addition_objective_only,0.9004328504746023,0.8072337251790911,0.9032115213229897,0.6661047897258107,0.10478328600991517,833.0,1.0
pageblocks-full,knn,gpmr_full,0.8737856254141291,0.7553009008656215,0.8782914464032687,0.6713164542570066,0.104302509999834,833.0,5.0
pageblocks-full,knn,no_capacity,0.8817327312245028,0.7457411414956172,0.886949319497795,0.7091678606717389,0.10239746001316234,833.0,3.0
pageblocks-full,knn,removal_objective_only,0.8746003229619603,0.7538721879232587,0.8792594580014422,0.6732638885141975,0.10559278800152243,833.0,4.0
pageblocks-full,knn,uniform_mass,0.898110717018522,0.8028433023082943,0.9010867247492769,0.6699799347551036,0.10519333599833772,833.0,2.0
pageblocks-full,rf,addition_objective_only,0.9449332343283681,0.8832154360279785,0.9461245376064344,0.7678687834013851,0.10478328600991517,833.0,2.0
pageblocks-full,rf,gpmr_full,0.9363117661099494,0.8613609101201728,0.9380341239468395,0.7952060072530247,0.104302509999834,833.0,3.0
pageblocks-full,rf,no_capacity,0.9346413240886414,0.8576572763750453,0.9364357075344583,0.7947136858678401,0.10239746001316234,833.0,4.0
pageblocks-full,rf,removal_objective_only,0.9341812113106773,0.8533217416615088,0.9360852631789177,0.7904631813141411,0.10559278800152243,833.0,5.0
pageblocks-full,rf,uniform_mass,0.9468942829701343,0.8861330117338695,0.948101481686984,0.7634863902195717,0.10519333599833772,833.0,1.0
statlog-landsat,cart,addition_objective_only,0.821524195972871,0.6184050793650794,0.8300373936101529,0.8236132758037933,0.15386159000452607,4954.8,2.0
statlog-landsat,cart,gpmr_full,0.8201693579672832,0.6322590476190476,0.8280964790677391,0.8200586968222363,0.1527186999982223,4954.8,4.0
statlog-landsat,cart,no_capacity,0.8187521550021428,0.6357084987992737,0.8266826140277095,0.8170615523812039,0.10078835000284016,4954.8,5.0
statlog-landsat,cart,removal_objective_only,0.8207940175138425,0.6401003174603175,0.8282533641865019,0.8195162638004554,0.15463266999460756,4954.8,3.0
statlog-landsat,cart,uniform_mass,0.8216267677619016,0.625248253968254,0.8296803225941527,0.8231184690277096,0.15360370999202133,4954.8,1.0
statlog-landsat,knn,addition_objective_only,0.8889394416269107,0.7793815046556638,0.8921404268048947,0.875539973233418,0.15386159000452607,4954.8,1.0
statlog-landsat,knn,gpmr_full,0.8864783580089273,0.7548639193857121,0.8904200923797485,0.8707857352082712,0.1527186999982223,4954.8,2.0
statlog-landsat,knn,no_capacity,0.8819860782470105,0.7387261006358495,0.8867727797374729,0.8646923677261621,0.10078835000284016,4954.8,5.0
statlog-landsat,knn,removal_objective_only,0.8820443953448414,0.7531293661162788,0.8861744064916895,0.866014008253552,0.15463266999460756,4954.8,4.0
statlog-landsat,knn,uniform_mass,0.8860722972394807,0.7821610188548955,0.8891791549040121,0.8735792347652058,0.15360370999202133,4954.8,3.0
statlog-landsat,rf,addition_objective_only,0.894444689713717,0.7226844444444445,0.8994984871409177,0.8960049392514858,0.15386159000452607,4954.8,4.0
statlog-landsat,rf,gpmr_full,0.8964165267284143,0.7463341196257752,0.9007818331764565,0.8938572535084538,0.1527186999982223,4954.8,1.0
statlog-landsat,rf,no_capacity,0.8961866258054747,0.7505719079154841,0.9005327149685247,0.8922670568609888,0.10078835000284016,4954.8,3.0
statlog-landsat,rf,removal_objective_only,0.8962994293132607,0.7445169683590875,0.9006704911524825,0.8939768254800421,0.15463266999460756,4954.8,2.0
statlog-landsat,rf,uniform_mass,0.8938352142210673,0.7221968253968254,0.8988713090642257,0.8954711798791668,0.15360370999202133,4954.8,5.0
thyroid,cart,addition_objective_only,0.9360216659522896,0.8439603673362511,0.942928621304505,0.9158156476725315,0.028388970002997668,819.0,5.0
thyroid,cart,gpmr_full,0.959026866465299,0.8992815060038154,0.961959469569446,0.9166000639157754,0.03823182600317523,819.0,3.0
thyroid,cart,no_capacity,0.9597692657749778,0.9015747390865222,0.9625742527961695,0.9161459126934313,0.027818936000112444,819.0,2.0
thyroid,cart,removal_objective_only,0.9605430821000559,0.9006816481502262,0.9633597675781493,0.9192867991833409,0.02908856999594718,819.0,1.0
thyroid,cart,uniform_mass,0.9484015281478587,0.8772867803837953,0.9539220252122844,0.9239098901244425,0.029003749988041817,819.0,4.0
thyroid,knn,addition_objective_only,0.6286426897026265,0.4783020050125313,0.6701648399605981,0.5218836784843232,0.028388970002997668,819.0,1.0
thyroid,knn,gpmr_full,0.6055595355725331,0.4635964912280701,0.6420801693287946,0.4795159888370467,0.03823182600317523,819.0,3.0
thyroid,knn,no_capacity,0.6034739041897734,0.47067669172932325,0.6416008616067532,0.4792345621655067,0.027818936000112444,819.0,4.0
thyroid,knn,removal_objective_only,0.6015443325583718,0.46985588972431075,0.6468063504532475,0.4841267961589362,0.02908856999594718,819.0,5.0
thyroid,knn,uniform_mass,0.6172644037317462,0.4719047619047619,0.6577028703599795,0.5194640977718111,0.029003749988041817,819.0,2.0
thyroid,rf,addition_objective_only,0.9664948946125146,0.9150806119777054,0.9684907542488062,0.9163844601613682,0.028388970002997668,819.0,3.0
thyroid,rf,gpmr_full,0.9689095595313911,0.9215843713762016,0.9706089228045238,0.9117631025040407,0.03823182600317523,819.0,2.0
thyroid,rf,no_capacity,0.9644521366846989,0.9105203306774399,0.9663706530006608,0.9060562210122955,0.027818936000112444,819.0,5.0
thyroid,rf,removal_objective_only,0.9749539789161513,0.9337652900908989,0.9762216174765271,0.9132802987628302,0.02908856999594718,819.0,1.0
thyroid,rf,uniform_mass,0.966453890419112,0.9147532076459807,0.9686005436476763,0.9182454815057595,0.029003749988041817,819.0,4.0
vehicle,cart,addition_objective_only,0.6783782735019936,0.4732341689318434,0.7082063430755291,0.7062191842547568,0.022385846006218343,684.8,2.0
vehicle,cart,gpmr_full,0.6768781177446341,0.4687823416893184,0.7069464498679615,0.7052583141756759,0.022210495995823296,684.8,3.0
vehicle,cart,no_capacity,0.6754343728312575,0.4688145575354878,0.7052326849507082,0.7037622486047745,0.022051690008956938,684.8,5.0
vehicle,cart,removal_objective_only,0.6766636455706962,0.4808693244739757,0.7043329635480798,0.7034355883050778,0.022460930002853274,684.8,4.0
vehicle,cart,uniform_mass,0.6875627770128108,0.4838558340883922,0.7150003262241634,0.7130756992020779,0.022550990004092455,684.8,1.0
vehicle,knn,addition_objective_only,0.6782102333266554,0.4466631430584919,0.7160112048803908,0.7090605682845866,0.022385846006218343,684.8,3.0
vehicle,knn,gpmr_full,0.6788510517640257,0.4490979563072586,0.7173139263836938,0.7100226307941381,0.022210495995823296,684.8,1.0
vehicle,knn,no_capacity,0.6786850337490882,0.4490979563072586,0.7169589064036738,0.7097028571911601,0.022051690008956938,684.8,2.0
vehicle,knn,removal_objective_only,0.676948204771942,0.4481787979462398,0.714454557070836,0.7077192140916986,0.022460930002853274,684.8,4.0
vehicle,knn,uniform_mass,0.6761548052438515,0.4484913923286016,0.7126539961976008,0.7061412599447832,0.022550990004092455,684.8,5.0
vehicle,rf,addition_objective_only,0.7168356554432498,0.47983741065136415,0.7549767887151608,0.7462800082363151,0.022385846006218343,684.8,2.0
vehicle,rf,gpmr_full,0.7162094894160318,0.48557535487768044,0.7542824617243222,0.7451850697848066,0.022210495995823296,684.8,5.0
vehicle,rf,no_capacity,0.7167401500159373,0.4878309674821303,0.7545509606672397,0.7456283755167368,0.022051690008956938,684.8,4.0
vehicle,rf,removal_objective_only,0.7168165846844624,0.48802275244135707,0.7545308383476989,0.7459322512261144,0.022460930002853274,684.8,3.0
vehicle,rf,uniform_mass,0.7171021602319168,0.480609080841639,0.7551191841104632,0.7462944720217877,0.022550990004092455,684.8,1.0
wine,cart,addition_objective_only,0.9158424154572221,0.8396334776334775,0.9188369408369408,0.9180726867535537,0.00409684399375692,141.6,5.0
wine,cart,gpmr_full,0.9258553726239169,0.8613290043290043,0.927942760942761,0.9259404203338132,0.0037770459963940082,141.6,3.0
wine,cart,no_capacity,0.9271884888117906,0.8616695526695527,0.9292626262626262,0.927012791248993,0.0036382919922471045,141.6,2.0
wine,cart,removal_objective_only,0.9285462199186948,0.8633535353535353,0.9306835016835017,0.9286817512949481,0.004010946017224341,141.6,1.0
wine,cart,uniform_mass,0.9240586885014623,0.8534834054834054,0.9267522847522848,0.926438963562152,0.004130211994051934,141.6,4.0
wine,knn,addition_objective_only,0.9538299150204419,0.8726349206349207,0.9570687830687831,0.9498315443544751,0.00409684399375692,141.6,5.0
wine,knn,gpmr_full,0.9567548837374436,0.8830476190476191,0.9596825396825398,0.953121081768074,0.0037770459963940082,141.6,3.0
wine,knn,no_capacity,0.955424703044775,0.8775238095238095,0.9585079365079365,0.9513390798397452,0.0036382919922471045,141.6,4.0
wine,knn,removal_objective_only,0.9571321616953746,0.8844761904761904,0.9601587301587301,0.9535374418641942,0.004010946017224341,141.6,2.0
wine,knn,uniform_mass,0.9573384211551647,0.8830476190476191,0.9603492063492064,0.9536555675896426,0.004130211994051934,141.6,1.0
wine,rf,addition_objective_only,0.9827903852437379,0.9504285714285714,0.9834761904761905,0.9806096792293378,0.00409684399375692,141.6,2.0
wine,rf,gpmr_full,0.9827933082673241,0.9506666666666667,0.9835555555555555,0.980559741908436,0.0037770459963940082,141.6,1.0
wine,rf,no_capacity,0.9817088297024682,0.9474285714285715,0.9824761904761905,0.979522866648146,0.0036382919922471045,141.6,4.0
wine,rf,removal_objective_only,0.9823164021888359,0.9493333333333334,0.9831111111111112,0.9799976470160325,0.004010946017224341,141.6,3.0
wine,rf,uniform_mass,0.980161364025463,0.9458484848484849,0.980949494949495,0.9778341808914943,0.004130211994051934,141.6,5.0
winequality-red,cart,addition_objective_only,0.08487926682217634,0.05229046617752326,0.3505070533424087,0.2688494193659118,0.03721082399832085,603.6,5.0
winequality-red,cart,gpmr_full,0.11712241850799804,0.07300591296826534,0.36343293542836036,0.27447972614308536,0.03612638999707997,603.6,1.0
winequality-red,cart,no_capacity,0.08736725915674831,0.052304491768074446,0.3509398927862925,0.2716432522919942,0.03576461599674076,603.6,3.0
winequality-red,cart,removal_objective_only,0.0915904577815068,0.056515002386065376,0.3549220671351885,0.27219801467510574,0.03722984200809151,603.6,2.0
winequality-red,cart,uniform_mass,0.0853408590426986,0.05551600900739681,0.352237308181184,0.27456001330420327,0.038247129996307194,603.6,4.0
winequality-red,knn,addition_objective_only,0.21295740637142302,0.13427055515023034,0.37379716901597015,0.24691169518660594,0.03721082399832085,603.6,1.0
winequality-red,knn,gpmr_full,0.16116349904944227,0.08461245078740158,0.346973487278722,0.22563629230018223,0.03612638999707997,603.6,4.0
winequality-red,knn,no_capacity,0.20184012564751558,0.10850348962061561,0.354937044824104,0.2298859835799967,0.03576461599674076,603.6,3.0
winequality-red,knn,removal_objective_only,0.14750369635423563,0.07689960629921261,0.3468100774087825,0.22647715403322052,0.03722984200809151,603.6,5.0
winequality-red,knn,uniform_mass,0.21018319857708548,0.13065171559855152,0.36767549351545703,0.24536463492733218,0.038247129996307194,603.6,2.0
winequality-red,rf,addition_objective_only,0.1529013017389581,0.09129396325459319,0.4069205871104844,0.3181163604185527,0.03721082399832085,603.6,4.0
winequality-red,rf,gpmr_full,0.16428989589729015,0.09705496152469578,0.41397264206634105,0.3132357848480433,0.03612638999707997,603.6,1.0
winequality-red,rf,no_capacity,0.14161838963414186,0.08589906197804821,0.40185243573360097,0.31021690949507996,0.03576461599674076,603.6,5.0
winequality-red,rf,removal_objective_only,0.1614630389547872,0.097023741350513,0.4098125061370795,0.3139732521462332,0.03722984200809151,603.6,2.0
winequality-red,rf,uniform_mass,0.15432181717092466,0.08609213194941541,0.4152056038965556,0.3214522509000341,0.038247129996307194,603.6,3.0
