dataset,classifier,method,gmean,worst_recall,balanced_accuracy,macro_f1
balance,cart,gpmr_full,0.5863643898086471,0.3835708812260536,0.6346013309134907,0.6125427682789878
balance,cart,within_class_mass_permutation,0.3829819795249717,0.20665900383141764,0.583005444646098,0.5809369643993084
balance,knn,gpmr_full,0.723531601640059,0.6397205081669691,0.7300266182698125,0.6360966436144306
balance,knn,within_class_mass_permutation,0.6076032020053511,0.46124904214559387,0.6272911205216105,0.5918309281866303
balance,rf,gpmr_full,0.5396151628462789,0.3107662835249042,0.6321193789070376,0.6196784011934063
balance,rf,within_class_mass_permutation,0.26609341825912014,0.13841379310344826,0.5844561403508771,0.5869924847186307
car,cart,gpmr_full,0.932037736644819,0.8686702770913297,0.933438678546334,0.8962379040004307
car,cart,within_class_mass_permutation,0.9384695600933722,0.8892489328852965,0.9394665382464426,0.919588214036195
car,knn,gpmr_full,0.6648196856915252,0.5212696394514577,0.6757949586298869,0.4809230181283491
car,knn,within_class_mass_permutation,0.6845265360978785,0.5581273272182363,0.692680567040615,0.5013376556236896
car,rf,gpmr_full,0.9191775977227721,0.8290418672236853,0.9217851526463967,0.8636280631386516
car,rf,within_class_mass_permutation,0.9381130495430022,0.8724366542548361,0.9396205469171978,0.8985519841788198
cleveland,cart,gpmr_full,0.07287340026101159,0.032467532467532464,0.284119264069264,0.26692491299896287
cleveland,cart,within_class_mass_permutation,0.08794185425375184,0.05152380952380952,0.2872775974025974,0.27639564856052423
cleveland,knn,gpmr_full,0.1332386765553381,0.05623376623376623,0.34348430735930735,0.319352300751347
cleveland,knn,within_class_mass_permutation,0.07760660541551603,0.03516883116883117,0.32628625541125544,0.30521805674161695
cleveland,rf,gpmr_full,0.08292533585980237,0.03922077922077922,0.33763658008658004,0.32235295620130633
cleveland,rf,within_class_mass_permutation,0.06626043669999329,0.03194805194805195,0.32362088744588746,0.31544613269903166
contraceptive,cart,gpmr_full,0.47084744913847404,0.4115894872969145,0.4749148170174204,0.4702537860811084
contraceptive,cart,within_class_mass_permutation,0.45517693009155624,0.3870035038205891,0.4613094859378443,0.4580260496277738
contraceptive,knn,gpmr_full,0.46634890533178364,0.3858519848068677,0.4741399109300614,0.4558178212081156
contraceptive,knn,within_class_mass_permutation,0.4572816406033008,0.3631043485355307,0.46668140846429895,0.45004215179171114
contraceptive,rf,gpmr_full,0.5125315404369745,0.4509536757754834,0.5162059320337878,0.512431044078823
contraceptive,rf,within_class_mass_permutation,0.500656639005705,0.4276154140701478,0.5061159231631364,0.5041816531334938
dermatology,cart,gpmr_full,0.934608267097924,0.7876219336219336,0.940365110734676,0.935182607214902
dermatology,cart,within_class_mass_permutation,0.9337546679072649,0.7786378066378066,0.93953014618232,0.9354620664606383
dermatology,knn,gpmr_full,0.9505119233618301,0.8036666666666666,0.9542936821632473,0.9496467668237202
dermatology,knn,within_class_mass_permutation,0.9471228161228964,0.8007676767676767,0.950913210782776,0.9456181703346235
dermatology,rf,gpmr_full,0.9692608077274903,0.8588888888888888,0.9715,0.9694878160383484
dermatology,rf,within_class_mass_permutation,0.9688524250763386,0.8648686868686869,0.9708451178451178,0.9688749904195331
dry-bean,cart,gpmr_full,0.910732528228469,0.8342060970287712,0.9120133800609966,0.9095296287841582
dry-bean,cart,within_class_mass_permutation,0.9071520755412504,0.8245450951641654,0.9086452836144586,0.9062413955331536
dry-bean,knn,gpmr_full,0.9320256432758524,0.8822481723606319,0.9327550788040054,0.9313002684645656
dry-bean,knn,within_class_mass_permutation,0.9310271890892264,0.8711508852922388,0.9318915634809462,0.93105428586512
dry-bean,rf,gpmr_full,0.9313567639946239,0.8730082857047453,0.9321717269660575,0.9313615786837078
dry-bean,rf,within_class_mass_permutation,0.9327427685430478,0.8721326246954733,0.9335487230226266,0.9331251829138354
flare,cart,gpmr_full,0.4398464272652054,0.1698366927958193,0.6109753320920434,0.5978709565892101
flare,cart,within_class_mass_permutation,0.3670531006822651,0.12139168844096054,0.6027900719662216,0.5925063350967563
flare,knn,gpmr_full,0.5521523906924091,0.2356431193231305,0.6359740180611484,0.6112581061072064
flare,knn,within_class_mass_permutation,0.519248704734753,0.2382201070051014,0.6317255056146965,0.6144592673315517
flare,rf,gpmr_full,0.51088286544294,0.21286067562523328,0.6221145058104671,0.6089879016500377
flare,rf,within_class_mass_permutation,0.47094146034310597,0.17424023267388328,0.6194164491274434,0.6088317358885408
hayes-roth,cart,gpmr_full,0.823774922226785,0.6732051282051281,0.8377655677655678,0.8319574846106329
hayes-roth,cart,within_class_mass_permutation,0.845588133276259,0.715,0.8574358974358975,0.8557090784951644
hayes-roth,knn,gpmr_full,0.5364830496036638,0.37256410256410255,0.5701221001221001,0.5724894316832801
hayes-roth,knn,within_class_mass_permutation,0.4786873887080184,0.3312820512820513,0.5143589743589744,0.5288898668192487
hayes-roth,rf,gpmr_full,0.8173813322429895,0.6617948717948718,0.8332478632478633,0.8246660424938891
hayes-roth,rf,within_class_mass_permutation,0.8306617410911472,0.6898717948717948,0.8441025641025641,0.841737140389526
led7digit,cart,gpmr_full,0.6813041283449864,0.41097979797979795,0.7038566378066378,0.6971844270399029
led7digit,cart,within_class_mass_permutation,0.6801997141829618,0.40938383838383835,0.703451875901876,0.6961505973120511
led7digit,knn,gpmr_full,0.6769727911924062,0.4243737373737374,0.6989643578643578,0.6918951700798854
led7digit,knn,within_class_mass_permutation,0.6641948999519012,0.3923232323232323,0.6894735209235209,0.6820286971370639
led7digit,rf,gpmr_full,0.6838311515085613,0.418959595959596,0.7057205627705627,0.700993340913054
led7digit,rf,within_class_mass_permutation,0.6864322726697147,0.4235454545454545,0.7080101010101011,0.7033356376472943
pageblocks-full,cart,gpmr_full,0.9066067365321855,0.7888487860551571,0.9103218562114941,0.7576134354778847
pageblocks-full,cart,within_class_mass_permutation,0.8996477316839426,0.7871787306108309,0.9035436029187133,0.7164443755491474
pageblocks-full,knn,gpmr_full,0.8737856254141291,0.7553009008656215,0.8782914464032687,0.6713164542570066
pageblocks-full,knn,within_class_mass_permutation,0.8996270143025291,0.8037942975353755,0.9025593633722215,0.6712480710546092
pageblocks-full,rf,gpmr_full,0.9363117661099494,0.8613609101201728,0.9380341239468395,0.7952060072530247
pageblocks-full,rf,within_class_mass_permutation,0.9444256130766759,0.8855283809583567,0.9454378771026737,0.7648095698508205
statlog-landsat,cart,gpmr_full,0.8201693579672832,0.6322590476190476,0.8280964790677391,0.8200586968222363
statlog-landsat,cart,within_class_mass_permutation,0.822372277952423,0.6207555555555555,0.8305208580272082,0.8245883994386872
statlog-landsat,knn,gpmr_full,0.8864783580089273,0.7548639193857121,0.8904200923797485,0.8707857352082712
statlog-landsat,knn,within_class_mass_permutation,0.8856451786781493,0.7805014953599693,0.8888028678444947,0.8728078512864744
statlog-landsat,rf,gpmr_full,0.8964165267284143,0.7463341196257752,0.9007818331764565,0.8938572535084538
statlog-landsat,rf,within_class_mass_permutation,0.8934978406564354,0.7193193650793651,0.8986874127657525,0.8956042803999722
thyroid,cart,gpmr_full,0.959026866465299,0.8992815060038154,0.961959469569446,0.9166000639157754
thyroid,cart,within_class_mass_permutation,0.9438595272373103,0.8604959226424269,0.9503441127694859,0.9142142553203131
thyroid,knn,gpmr_full,0.6055595355725331,0.4635964912280701,0.6420801693287946,0.4795159888370467
thyroid,knn,within_class_mass_permutation,0.6306788474493872,0.47647869674185467,0.6704407473908652,0.5247219564003266
thyroid,rf,gpmr_full,0.9689095595313911,0.9215843713762016,0.9706089228045238,0.9117631025040407
thyroid,rf,within_class_mass_permutation,0.9644872918865799,0.9115695956308681,0.9668707839249866,0.912043734584663
vehicle,cart,gpmr_full,0.6768781177446341,0.4687823416893184,0.7069464498679615,0.7052583141756759
vehicle,cart,within_class_mass_permutation,0.6850374850724017,0.48613812544045104,0.7132057748453097,0.711153794804991
vehicle,knn,gpmr_full,0.6788510517640257,0.4490979563072586,0.7173139263836938,0.7100226307941381
vehicle,knn,within_class_mass_permutation,0.6739201444232864,0.44341789992952785,0.7114138274516182,0.7048203408791898
vehicle,rf,gpmr_full,0.7162094894160318,0.48557535487768044,0.7542824617243222,0.7451850697848066
vehicle,rf,within_class_mass_permutation,0.7148021315264974,0.47682271217154937,0.7534299160142183,0.7448476462667698
wine,cart,gpmr_full,0.9258553726239169,0.8613290043290043,0.927942760942761,0.9259404203338132
wine,cart,within_class_mass_permutation,0.9249637458987042,0.8553722943722945,0.9275728715728715,0.9265133386581439
wine,knn,gpmr_full,0.9567548837374436,0.8830476190476191,0.9596825396825398,0.953121081768074
wine,knn,within_class_mass_permutation,0.9539935184273962,0.8734285714285714,0.9570687830687831,0.9498683016695196
wine,rf,gpmr_full,0.9827933082673241,0.9506666666666667,0.9835555555555555,0.980559741908436
wine,rf,within_class_mass_permutation,0.9815903706785069,0.9509437229437229,0.9822510822510823,0.9794755876199575
winequality-red,cart,gpmr_full,0.11712241850799804,0.07300591296826534,0.36343293542836036,0.27447972614308536
winequality-red,cart,within_class_mass_permutation,0.060923532235431316,0.03526588224767359,0.3362155872927079,0.2649401609733945
winequality-red,knn,gpmr_full,0.16116349904944227,0.08461245078740158,0.346973487278722,0.22563629230018223
winequality-red,knn,within_class_mass_permutation,0.1859782825769752,0.11553886590771434,0.3597835890203323,0.24288863215697598
winequality-red,rf,gpmr_full,0.16428989589729015,0.09705496152469578,0.41397264206634105,0.3132357848480433
winequality-red,rf,within_class_mass_permutation,0.12055400721107748,0.07979636423287997,0.3949988348418128,0.31414472722676484
